C:\projects\graphifyrebuild\.venv\Scripts\python.exe : [09/01/26 11:05:44] INFO     Starting MCP server               
transport.py:241
At line:1 char:302
+ ... tch {} } }; C:\projects\graphifyrebuild\.venv\Scripts\python.exe C:\p ...
+                 ~~~~~~~~~~~~~~~~~~~~~~~~~~~~~~~~~~~~~~~~~~~~~~~~~~~~~~~~~
    + CategoryInfo          : NotSpecified: ([09/01/26 11:05...ransport.py:241:String) [], RemoteException
    + FullyQualifiedErrorId : NativeCommandError
 
                             'code-review-graph' with                          
                             transport 'stdio'                                 
server up; exposed tools (5): detect_changes_tool, get_impact_radius_tool, get_knowledge_gaps_tool, get_review_context_tool, query_graph_tool

===== get_impact_radius_tool (blast radius) =====
{
  "status": "ok",
  "summary": "Blast radius for 1 changed file(s):\n  - 41 nodes directly changed\n  - 17 nodes impacted (within 2 hops)\n  - 11 additional files affected",
  "changed_files": [
    "src/flask/app.py"
  ],
  "changed_nodes": [
    {
      "id": 92,
      "kind": "File",
      "name": "C:/projects/graphifyrebuild/crg/sandbox-flask/src/flask/app.py",
      "qualified_name": "C:/projects/graphifyrebuild/crg/sandbox-flask/src/flask/app.py",
      "file_path": "C:/projects/graphifyrebuild/crg/sandbox-flask/src/flask/app.py",
      "line_start": 1,
      "line_end": 1629,
      "language": "python",
      "parent_name": null,
      "is_test": false
    },
    {
      "id": 98,
      "kind": "Class",
      "name": "Flask",
      "qualified_name": "C:/projects/graphifyrebuild/crg/sandbox-flask/src/flask/app.py::Flask",
      "file_path": "C:/projects/graphifyrebuild/crg/sandbox-flask/src/flask/app.py",
      "line_start": 110,
      "line_end": 1628,
      "language": "python",
      "parent_name": null,
      "is_test": false
    },
    {
      "id": 133,
      "kind": "Function",
      "name": "__call__",
      "qualified_name": "C:/projects/graphifyrebuild/crg/sandbox-flask/src/flask/app.py::Flask.__call__",
      "file_path": "C:/projects/graphifyrebuild/crg/sandbox-flask/src/flask/app.py",
      "line_start": 1621,
      "line_end": 1628,
      "language": "python",
      "parent_name": "Flask",
      "is_test": false
    },
    {
      "id": 100,
      "kind": "Function",
      "name": "__init__",
      "qualified_name": "C:/projects/graphifyrebuild/crg/sandbox-flask/src/flask/app.py::Flask.__init__",
      "file_path": "C:/projects/graphifyrebuild/crg/sandbox-flask/src/flask/app.py",
      "line_start": 311,
      "line_end": 364,
      "language": "python",
      "parent_name": "Flask",
      "is_test": false
    },
    {
      "id": 99,
      "kind": "Function",
      "name": "__init_subclass__",
      "qualified_name": "C:/projects/graphifyrebuild/crg/sandbox-flask/src/flask/app.py::Flask.__init_subclass__",
      "file_path": "C:/projects/graphifyrebuild/crg/sandbox-flask/src/flask/app.py",
      "line_start": 255,
      "line_end": 309,
      "language": "python",
      "parent_name": "Flask",
      "is_test": false
    },
    {
      "id": 129,
      "kind": "Function",
      "name": "app_context",
      "qualified_name": "C:/projects/graphifyrebuild/crg/sandbox-flask/src/flask/app.py::Flask.app_context",
      "file_path": "C:/projects/graphifyrebuild/crg/sandbox-flask/src/flask/app.py",
      "line_start": 1484,
      "line_end": 1502,
      "language": "python",
      "parent_name": "Flask",
      "is_test": false
    },
    {
      "id": 122,
      "kind": "Function",
      "name": "async_to_sync",
      "qualified_name": "C:/projects/graphifyrebuild/crg/sandbox-flask/src/flask/app.py::Flask.async_to_sync",
      "file_path": "C:/projects/graphifyrebuild/crg/sandbox-flask/src/flask/app.py",
      "line_start": 1082,
      "line_end": 1103,
      "language": "python",
      "parent_name": "Flask",
      "is_test": false
    },
    {
      "id": 105,
      "kind": "Function",
      "name": "create_jinja_environment",
      "qualified_name": "C:/projects/graphifyrebuild/crg/sandbox-flask/src/flask/app.py::Flask.create_jinja_environment",
      "file_path": "C:/projects/graphifyrebuild/crg/sandbox-flask/src/flask/app.py",
      "line_start": 470,
      "line_end": 508,
      "language": "python",
      "parent_name": "Flask",
      "is_test": false
    },
    {
      "id": 106,
      "kind": "Function",
      "name": "create_url_adapter",
      "qualified_name": "C:/projects/graphifyrebuild/crg/sandbox-flask/src/flask/app.py::Flask.create_url_adapter",
      "file_path": "C:/projects/graphifyrebuild/crg/sandbox-flask/src/flask/app.py",
      "line_start": 510,
      "line_end": 561,
      "language": "python",
      "parent_name": "Flask",
      "is_test": false
    },
    {
      "id": 117,
      "kind": "Function",
      "name": "dispatch_request",
      "qualified_name": "C:/projects/graphifyrebuild/crg/sandbox-flask/src/flask/app.py::Flask.dispatch_request",
      "file_path": "C:/projects/graphifyrebuild/crg/sandbox-flask/src/flask/app.py",
      "line_start": 969,
      "line_end": 993,
      "language": "python",
      "parent_name": "Flask",
      "is_test": false
    },
    {
      "id": 128,
      "kind": "Function",
      "name": "do_teardown_appcontext",
      "qualified_name": "C:/projects/graphifyrebuild/crg/sandbox-flask/src/flask/app.py::Flask.do_teardown_appcontext",
      "file_path": "C:/projects/graphifyrebuild/crg/sandbox-flask/src/flask/app.py",
      "line_start": 1456,
      "line_end": 1482,
      "language": "python",
      "parent_name": "Flask",
      "is_test": false
    },
    {
      "id": 127,
      "kind": "Function",
      "name": "do_teardown_request",
      "qualified_name": "C:/projects/graphifyrebuild/crg/sandbox-flask/src/flask/app.py::Flask.do_teardown_request",
      "file_path": "C:/projects/graphifyrebuild/crg/sandbox-flask/src/flask/app.py",
      "line_start": 1423,
      "line_end": 1454,
      "language": "python",
      "parent_name": "Flask",
      "is_test": false
    },
    {
      "id": 121,
      "kind": "Function",
      "name": "ensure_sync",
      "qualified_name": "C:/projects/graphifyrebuild/crg/sandbox-flask/src/flask/app.py::Flask.ensure_sync",
      "file_path": "C:/projects/graphifyrebuild/crg/sandbox-flask/src/flask/app.py",
      "line_start": 1068,
      "line_end": 1080,
      "language": "python",
      "parent_name": "Flask",
      "is_test": false
    },
    {
      "id": 119,
      "kind": "Function",
      "name": "finalize_request",
      "qualified_name": "C:/projects/graphifyrebuild/crg/sandbox-flask/src/flask/app.py::Flask.finalize_request",
      "file_path": "C:/projects/graphifyrebuild/crg/sandbox-flask/src/flask/app.py",
      "line_start": 1024,
      "line_end": 1054,
      "language": "python",
      "parent_name": "Flask",
      "is_test": false
    },
    {
      "id": 118,
      "kind": "Function",
      "name": "full_dispatch_request",
      "qualified_name": "C:/projects/graphifyrebuild/crg/sandbox-flask/src/flask/app.py::Flask.full_dispatch_request",
      "file_path": "C:/projects/graphifyrebuild/crg/sandbox-flask/src/flask/app.py",
      "line_start": 995,
      "line_end": 1022,
      "language": "python",
      "parent_name": "Flask",
      "is_test": false
    },
    {
      "id": 101,
      "kind": "Function",
      "name": "get_send_file_max_age",
      "qualified_name": "C:/projects/graphifyrebuild/crg/sandbox-flask/src/flask/app.py::Flask.get_send_file_max_age",
      "file_path": "C:/projects/graphifyrebuild/crg/sandbox-flask/src/flask/app.py",
      "line_start": 366,
      "line_end": 391,
      "language": "python",
      "parent_name": "Flask",
      "is_test": false
    },
    {
      "id": 115,
      "kind": "Function",
      "name": "handle_exception",
      "qualified_name": "C:/projects/graphifyrebuild/crg/sandbox-flask/src/flask/app.py::Flask.handle_exception",
      "file_path": "C:/projects/graphifyrebuild/crg/sandbox-flask/src/flask/app.py",
      "line_start": 900,
      "line_end": 951,
      "language": "python",
      "parent_name": "Flask",
      "is_test": false
    },
    {
      "id": 113,
      "kind": "Function",
      "name": "handle_http_exception",
      "qualified_name": "C:/projects/graphifyrebuild/crg/sandbox-flask/src/flask/app.py::Flask.handle_http_exception",
      "file_path": "C:/projects/graphifyrebuild/crg/sandbox-flask/src/flask/app.py",
      "line_start": 833,
      "line_end": 866,
      "language": "python",
      "parent_name": "Flask",
      "is_test": false
    },
    {
      "id": 114,
      "kind": "Function",
      "name": "handle_user_exception",
      "qualified_name": "C:/projects/graphifyrebuild/crg/sandbox-flask/src/flask/app.py::Flask.handle_user_exception",
      "file_path": "C:/projects/graphifyrebuild/crg/sandbox-flask/src/flask/app.py",
      "line_start": 868,
      "line_end": 898,
      "language": "python",
      "parent_name": "Flask",
      "is_test": false
    },
    {
      "id": 116,
      "kind": "Function",
      "name": "log_exception",
      "qualified_name": "C:/projects/graphifyrebuild/crg/sandbox-flask/src/flask/app.py::Flask.log_exception",
      "file_path": "C:/projects/graphifyrebuild/crg/sandbox-flask/src/flask/app.py",
      "line_start": 953,
      "line_end": 967,
      "language": "python",
      "parent_name": "Flask",
      "is_test": false
    },
    {
      "id": 120,
      "kind": "Function",
      "name": "make_default_options_response",
      "qualified_name": "C:/projects/graphifyrebuild/crg/sandbox-flask/src/flask/app.py::Flask.make_default_options_response",
      "file_path": "C:/projects/graphifyrebuild/crg/sandbox-flask/src/flask/app.py",
      "line_start": 1056,
      "line_end": 1066,
      "language": "python",
      "parent_name": "Flask",
      "is_test": false
    },
    {
      "id": 124,
      "kind": "Function",
      "name": "make_response",
      "qualified_name": "C:/projects/graphifyrebuild/crg/sandbox-flask/src/flask/app.py::Flask.make_response",
      "file_path": "C:/projects/graphifyrebuild/crg/sandbox-flask/src/flask/app.py",
      "line_start": 1227,
      "line_end": 1367,
      "language": "python",
      "parent_name": "Flask",
      "is_test": false
    },
    {
      "id": 109,
      "kind": "Function",
      "name": "make_shell_context",
      "qualified_name": "C:/projects/graphifyrebuild/crg/sandbox-flask/src/flask/app.py::Flask.make_shell_context",
      "file_path": "C:/projects/graphifyrebuild/crg/sandbox-flask/src/flask/app.py",
      "line_start": 621,
      "line_end": 631,
      "language": "python",
      "parent_name": "Flask",
      "is_test": false
    },
    {
      "id": 104,
      "kind": "Function",
      "name": "open_instance_resource",
      "qualified_name": "C:/projects/graphifyrebuild/crg/sandbox-flask/src/flask/app.py::Flask.open_instance_resource",
      "file_path": "C:/projects/graphifyrebuild/crg/sandbox-flask/src/flask/app.py",
      "line_start": 448,
      "line_end": 468,
      "language": "python",
      "parent_name": "Flask",
      "is_test": false
    },
    {
      "id": 103,
      "kind": "Function",
      "name": "open_resource",
      "qualified_name": "C:/projects/graphifyrebuild/crg/sandbox-flask/src/flask/app.py::Flask.open_resource",
      "file_path": "C:/projects/graphifyrebuild/crg/sandbox-flask/src/flask/app.py",
      "line_start": 415,
      "line_end": 446,
      "language": "python",
      "parent_name": "Flask",
      "is_test": false
    },
    {
      "id": 125,
      "kind": "Function",
      "name": "preprocess_request",
      "qualified_name": "C:/projects/graphifyrebuild/crg/sandbox-flask/src/flask/app.py::Flask.preprocess_request",
      "file_path": "C:/projects/graphifyrebuild/crg/sandbox-flask/src/flask/app.py",
      "line_start": 1369,
      "line_end": 1395,
      "language": "python",
      "parent_name": "Flask",
      "is_test": false
    },
    {
      "id": 126,
      "kind": "Function",
      "name": "process_response",
      "qualified_name": "C:/projects/graphifyrebuild/crg/sandbox-flask/src/flask/app.py::Flask.process_response",
      "file_path": "C:/projects/graphifyrebuild/crg/sandbox-flask/src/flask/app.py",
      "line_start": 1397,
      "line_end": 1421,
      "language": "python",
      "parent_name": "Flask",
      "is_test": false
    },
    {
      "id": 107,
      "kind": "Function",
      "name": "raise_routing_exception",
      "qualified_name": "C:/projects/graphifyrebuild/crg/sandbox-flask/src/flask/app.py::Flask.raise_routing_exception",
      "file_path": "C:/projects/graphifyrebuild/crg/sandbox-flask/src/flask/app.py",
      "line_start": 563,
      "line_end": 589,
      "language": "python",
      "parent_name": "Flask",
      "is_test": false
    },
    {
      "id": 130,
      "kind": "Function",
      "name": "request_context",
      "qualified_name": "C:/projects/graphifyrebuild/crg/sandbox-flask/src/flask/app.py::Flask.request_context",
      "file_path": "C:/projects/graphifyrebuild/crg/sandbox-flask/src/flask/app.py",
      "line_start": 1504,
      "line_end": 1518,
      "language": "python",
      "parent_name": "Flask",
      "is_test": false
    },
    {
      "id": 110,
      "kind": "Function",
      "name": "run",
      "qualified_name": "C:/projects/graphifyrebuild/crg/sandbox-flask/src/flask/app.py::Flask.run",
      "file_path": "C:/projects/graphifyrebuild/crg/sandbox-flask/src/flask/app.py",
      "line_start": 633,
      "line_end": 756,
      "language": "python",
      "parent_name": "Flask",
      "is_test": false
    },
    {
      "id": 102,
      "kind": "Function",
      "name": "send_static_file",
      "qualified_name": "C:/projects/graphifyrebuild/crg/sandbox-flask/src/flask/app.py::Flask.send_static_file",
      "file_path": "C:/projects/graphifyrebuild/crg/sandbox-flask/src/flask/app.py",
      "line_start": 393,
      "line_end": 413,
      "language": "python",
      "parent_name": "Flask",
      "is_test": false
    },
    {
      "id": 112,
      "kind": "Test",
      "name": "test_cli_runner",
      "qualified_name": "C:/projects/graphifyrebuild/crg/sandbox-flask/src/flask/app.py::Flask.test_cli_runner",
      "file_path": "C:/projects/graphifyrebuild/crg/sandbox-flask/src/flask/app.py",
      "line_start": 816,
      "line_end": 831,
      "language": "python",
      "parent_name": "Flask",
      "is_test": true
    },
    {
      "id": 111,
      "kind": "Test",
      "name": "test_client",
      "qualified_name": "C:/projects/graphifyrebuild/crg/sandbox-flask/src/flask/app.py::Flask.test_client",
      "file_path": "C:/projects/graphifyrebuild/crg/sandbox-flask/src/flask/app.py",
      "line_start": 758,
      "line_end": 814,
      "language": "python",
      "parent_name": "Flask",
      "is_test": true
    },
    {
      "id": 131,
      "kind": "Test",
      "name": "test_request_context",
      "qualified_name": "C:/projects/graphifyrebuild/crg/sandbox-flask/src/flask/app.py::Flask.test_request_context",
      "file_path": "C:/projects/graphifyrebuild/crg/sandbox-flask/src/flask/app.py",
      "line_start": 1520,
      "line_end": 1567,
      "language": "python",
      "parent_name": "Flask",
      "is_test": true
    },
    {
      "id": 108,
      "kind": "Function",
      "name": "update_template_context",
      "qualified_name": "C:/projects/graphifyrebuild/crg/sandbox-flask/src/flask/app.py::Flask.update_template_context",
      "file_path": "C:/projects/graphifyrebuild/crg/sandbox-flask/src/flask/app.py",
      "line_start": 591,
      "line_end": 619,
      "language": "python",
      "parent_name": "Flask",
      "is_test": false
    },
    {
      "id": 123,
      "kind": "Function",
      "name": "url_for",
      "qualified_name": "C:/projects/graphifyrebuild/crg/sandbox-flask/src/flask/app.py::Flask.url_for",
      "file_path": "C:/projects/graphifyrebuild/crg/sandbox-flask/src/flask/app.py",
      "line_start": 1105,
      "line_end": 1225,
      "language": "python",
      "parent_name": "Flask",
      "is_test": false
    },
    {
      "id": 132,
      "kind": "Function",
      "name": "wsgi_app",
      "qualified_name": "C:/projects/graphifyrebuild/crg/sandbox-flask/src/flask/app.py::Flask.wsgi_app",
      "file_path": "C:/projects/graphifyrebuild/crg/sandbox-flask/src/flask/app.py",
      "line_start": 1569,
      "line_end": 1619,
      "language": "python",
      "parent_name": "Flask",
      "is_test": false
    },
    {
      "id": 93,
      "kind": "Function",
      "name": "_make_timedelta",
      "qualified_name": "C:/projects/graphifyrebuild/crg/sandbox-flask/src/flask/app.py::_make_timedelta",
      "file_path": "C:/projects/graphifyrebuild/crg/sandbox-flask/src/flask/app.py",
      "line_start": 74,
      "line_end": 78,
      "language": "python",
      "parent_name": null,
      "is_test": false
    },
    {
      "id": 96,
      "kind": "Function",
      "name": "add_ctx",
      "qualified_name": "C:/projects/graphifyrebuild/crg/sandbox-flask/src/flask/app.py::add_ctx",
      "file_path": "C:/projects/graphifyrebuild/crg/sandbox-flask/src/flask/app.py",
      "line_start": 98,
      "line_end": 107,
      "language": "python",
      "parent_name": null,
      "is_test": false
    },
    {
      "id": 94,
      "kind": "Function",
      "name": "remove_ctx",
      "qualified_name": "C:/projects/graphifyrebuild/crg/sandbox-flask/src/flask/app.py::remove_ctx",
      "file_path": "C:/projects/graphifyrebuild/crg/sandbox-flask/src/flask/app.py",
      "line_start": 86,
      "line_end": 93,
      "language": "python",
      "parent_name": null,
      "is_test": false
    },
    {
      "id": 95,
      "kind": "Function",
      "name": "wrapper",
      "qualified_name": "C:/projects/graphifyrebuild/crg/sandbox-flask/src/flask/app.py::wrapper",
      "file_path": "C:/projects/graphifyrebuild/crg/sandbox-flask/src/flask/app.py",
      "line_start": 99,
      "line_end": 105,
      "language": "python",
      "parent_name": null,
      "is_test": false
    }
  ],
  "impacted_nodes": [
    {
      "id": 508,
      "kind": "Function",
      "name": "_render",
      "qualified_name": "C:/projects/graphifyrebuild/crg/sandbox-flask/src/flask/templating.py::_render",
      "file_path": "C:/projects/graphifyrebuild/crg/sandbox-flask/src/flask/templating.py",
      "line_start": 123,
      "line_end": 133,
      "language": "python",
      "parent_name": null,
      "is_test": false,
      "impact_score": 0.6
    },
    {
      "id": 511,
      "kind": "Function",
      "name": "_stream",
      "qualified_name": "C:/projects/graphifyrebuild/crg/sandbox-flask/src/flask/templating.py::_stream",
      "file_path": "C:/projects/graphifyrebuild/crg/sandbox-flask/src/flask/templating.py",
      "line_start": 163,
      "line_end": 178,
      "language": "python",
      "parent_name": null,
      "is_test": false,
      "impact_score": 0.6
    },
    {
      "id": 509,
      "kind": "Function",
      "name": "render_template",
      "qualified_name": "C:/projects/graphifyrebuild/crg/sandbox-flask/src/flask/templating.py::render_template",
      "file_path": "C:/projects/graphifyrebuild/crg/sandbox-flask/src/flask/templating.py",
      "line_start": 136,
      "line_end": 148,
      "language": "python",
      "parent_name": null,
      "is_test": false,
      "impact_score": 0.36
    },
    {
      "id": 510,
      "kind": "Function",
      "name": "render_template_string",
      "qualified_name": "C:/projects/graphifyrebuild/crg/sandbox-flask/src/flask/templating.py::render_template_string",
      "file_path": "C:/projects/graphifyrebuild/crg/sandbox-flask/src/flask/templating.py",
      "line_start": 151,
      "line_end": 160,
      "language": "python",
      "parent_name": null,
      "is_test": false,
      "impact_score": 0.36
    },
    {
      "id": 513,
      "kind": "Function",
      "name": "stream_template",
      "qualified_name": "C:/projects/graphifyrebuild/crg/sandbox-flask/src/flask/templating.py::stream_template",
      "file_path": "C:/projects/graphifyrebuild/crg/sandbox-flask/src/flask/templating.py",
      "line_start": 181,
      "line_end": 197,
      "language": "python",
      "parent_name": null,
      "is_test": false,
      "impact_score": 0.36
    },
    {
      "id": 514,
      "kind": "Function",
      "name": "stream_template_string",
      "qualified_name": "C:/projects/graphifyrebuild/crg/sandbox-flask/src/flask/templating.py::stream_template_string",
      "file_path": "C:/projects/graphifyrebuild/crg/sandbox-flask/src/flask/templating.py",
      "line_start": 200,
      "line_end": 212,
      "language": "python",
      "parent_name": null,
      "is_test": false,
      "impact_score": 0.36
    },
    {
      "id": 183,
      "kind": "File",
      "name": "C:/projects/graphifyrebuild/crg/sandbox-flask/src/flask/config.py",
      "qualified_name": "C:/projects/graphifyrebuild/crg/sandbox-flask/src/flask/config.py",
      "file_path": "C:/projects/graphifyrebuild/crg/sandbox-flask/src/flask/config.py",
      "line_start": 1,
      "line_end": 368,
      "language": "python",
      "parent_name": null,
      "is_test": false,
      "impact_score": 0.3
    },
    {
      "id": 231,
      "kind": "File",
      "name": "C:/projects/graphifyrebuild/crg/sandbox-flask/src/flask/debughelpers.py",
      "qualified_name": "C:/projects/graphifyrebuild/crg/sandbox-flask/src/flask/debughelpers.py",
      "file_path": "C:/projects/graphifyrebuild/crg/sandbox-flask/src/flask/debughelpers.py",
      "line_start": 1,
      "line_end": 180,
      "language": "python",
      "parent_name": null,
      "is_test": false,
      "impact_score": 0.3
    },
    {
      "id": 283,
      "kind": "File",
      "name": "C:/projects/graphifyrebuild/crg/sandbox-flask/src/flask/json/provider.py",
      "qualified_name": "C:/projects/graphifyrebuild/crg/sandbox-flask/src/flask/json/provider.py",
      "file_path": "C:/projects/graphifyrebuild/crg/sandbox-flask/src/flask/json/provider.py",
      "line_start": 1,
      "line_end": 216,
      "language": "python",
      "parent_name": null,
      "is_test": false,
      "impact_score": 0.3
    },
    {
      "id": 342,
      "kind": "File",
      "name": "C:/projects/graphifyrebuild/crg/sandbox-flask/src/flask/logging.py",
      "qualified_name": "C:/projects/graphifyrebuild/crg/sandbox-flask/src/flask/logging.py",
      "file_path": "C:/projects/graphifyrebuild/crg/sandbox-flask/src/flask/logging.py",
      "line_start": 1,
      "line_end": 80,
      "language": "python",
      "parent_name": null,
      "is_test": false,
      "impact_score": 0.3
    },
    {
      "id": 497,
      "kind": "File",
      "name": "C:/projects/graphifyrebuild/crg/sandbox-flask/src/flask/templating.py",
      "qualified_name": "C:/projects/graphifyrebuild/crg/sandbox-flask/src/flask/templating.py",
      "file_path": "C:/projects/graphifyrebuild/crg/sandbox-flask/src/flask/templating.py",
      "line_start": 1,
      "line_end": 213,
      "language": "python",
      "parent_name": null,
      "is_test": false,
      "impact_score": 0.3
    },
    {
      "id": 346,
      "kind": "File",
      "name": "C:/projects/graphifyrebuild/crg/sandbox-flask/src/flask/sansio/app.py",
      "qualified_name": "C:/projects/graphifyrebuild/crg/sandbox-flask/src/flask/sansio/app.py",
      "file_path": "C:/projects/graphifyrebuild/crg/sandbox-flask/src/flask/sansio/app.py",
      "line_start": 1,
      "line_end": 1014,
      "language": "python",
      "parent_name": null,
      "is_test": false,
      "impact_score": 0.09
    },
    {
      "id": 653,
      "kind": "File",
      "name": "C:/projects/graphifyrebuild/crg/sandbox-flask/tests/test_basic.py",
      "qualified_name": "C:/projects/graphifyrebuild/crg/sandbox-flask/tests/test_basic.py",
      "file_path": "C:/projects/graphifyrebuild/crg/sandbox-flask/tests/test_basic.py",
      "line_start": 1,
      "line_end": 1975,
      "language": "python",
      "parent_name": null,
      "is_test": true,
      "impact_score": 0.09
    },
    {
      "id": 1269,
      "kind": "File",
      "name": "C:/projects/graphifyrebuild/crg/sandbox-flask/tests/test_json.py",
      "qualified_name": "C:/projects/graphifyrebuild/crg/sandbox-flask/tests/test_json.py",
      "file_path": "C:/projects/graphifyrebuild/crg/sandbox-flask/tests/test_json.py",
      "line_start": 1,
      "line_end": 347,
      "language": "python",
      "parent_name": null,
      "is_test": true,
      "impact_score": 0.09
    },
    {
      "id": 1327,
      "kind": "File",
      "name": "C:/projects/graphifyrebuild/crg/sandbox-flask/tests/test_logging.py",
      "qualified_name": "C:/projects/graphifyrebuild/crg/sandbox-flask/tests/test_logging.py",
      "file_path": "C:/projects/graphifyrebuild/crg/sandbox-flask/tests/test_logging.py",
      "line_start": 1,
      "line_end": 99,
      "language": "python",
      "parent_name": null,
      "is_test": true,
      "impact_score": 0.09
    },
    {
      "id": 1420,
      "kind": "File",
      "name": "C:/projects/graphifyrebuild/crg/sandbox-flask/tests/test_templating.py",
      "qualified_name": "C:/projects/graphifyrebuild/crg/sandbox-flask/tests/test_templating.py",
      "file_path": "C:/projects/graphifyrebuild/crg/sandbox-flask/tests/test_templating.py",
      "line_start": 1,
      "line_end": 533,
      "language": "python",
      "parent_name": null,
      "is_test": true,
      "impact_score": 0.09
    },
    {
      "id": 1690,
      "kind": "File",
      "name": "C:/projects/graphifyrebuild/crg/sandbox-flask/tests/type_check/typing_route.py",
      "qualified_name": "C:/projects/graphifyrebuild/crg/sandbox-flask/tests/type_check/typing_route.py",
      "file_path": "C:/projects/graphifyrebuild/crg/sandbox-flask/tests/type_check/typing_route.py",
      "line_start": 1,
      "line_end": 113,
      "language": "python",
      "parent_name": null,
      "is_test": true,
      "impact_score": 0.09
    }
  ],
  "impacted_files": [
    "C:/projects/graphifyrebuild/crg/sandbox-flask/src/flask/sansio/app.py",
    "C:/projects/graphifyrebuild/crg/sandbox-flask/tests/type_check/typing_route.py",
    "C:/projects/graphifyrebuild/crg/sandbox-flask/tests/test_templating.py",
    "C:/projects/graphifyrebuild/crg/sandbox-flask/tests/test_basic.py",
    "C:/projects/graphifyrebuild/crg/sandbox-flask/tests/test_logging.py",
    "C:/projects/graphifyrebuild/crg/sandbox-flask/src/flask/templating.py",
    "C:/projects/graphifyrebuild/crg/sandbox-flask/src/flask/logging.py",
    "C:/projects/graphifyrebuild/crg/sandbox-flask/src/flask/config.py",
    "C:/projects/graphifyrebuild/crg/sandbox-flask/tests/test_json.py",
    "C:/projects/graphifyrebuild/crg/sandbox-flask/src/flask/json/provider.py",
    "C:/projects/graphifyrebuild/crg/sandbox-flask/src/flask/debughelpers.py"
  ],
  "edges": [
    {
      "id": 506,
      "kind": "IMPORTS_FROM",
      "source": "C:/projects/graphifyrebuild/crg/sandbox-flask/src/flask/app.py",
      "target": "C:/projects/graphifyrebuild/crg/sandbox-flask/src/flask/app.py",
      "file_path": "C:/projects/graphifyrebuild/crg/sandbox-flask/src/flask/app.py",
      "line": 45,
      "confidence": 1.0,
      "confidence_tier": "EXTRACTED"
    },
    {
      "id": 527,
      "kind": "CONTAINS",
      "source": "C:/projects/graphifyrebuild/crg/sandbox-flask/src/flask/app.py",
      "target": "C:/projects/graphifyrebuild/crg/sandbox-flask/src/flask/app.py::_make_timedelta",
      "file_path": "C:/projects/graphifyrebuild/crg/sandbox-flask/src/flask/app.py",
      "line": 74,
      "confidence": 1.0,
      "confidence_tier": "EXTRACTED"
    },
    {
      "id": 532,
      "kind": "CONTAINS",
      "source": "C:/projects/graphifyrebuild/crg/sandbox-flask/src/flask/app.py",
      "target": "C:/projects/graphifyrebuild/crg/sandbox-flask/src/flask/app.py::remove_ctx",
      "file_path": "C:/projects/graphifyrebuild/crg/sandbox-flask/src/flask/app.py",
      "line": 86,
      "confidence": 1.0,
      "confidence_tier": "EXTRACTED"
    },
    {
      "id": 533,
      "kind": "CONTAINS",
      "source": "C:/projects/graphifyrebuild/crg/sandbox-flask/src/flask/app.py",
      "target": "C:/projects/graphifyrebuild/crg/sandbox-flask/src/flask/app.py::wrapper",
      "file_path": "C:/projects/graphifyrebuild/crg/sandbox-flask/src/flask/app.py",
      "line": 87,
      "confidence": 1.0,
      "confidence_tier": "EXTRACTED"
    },
    {
      "id": 537,
      "kind": "CONTAINS",
      "source": "C:/projects/graphifyrebuild/crg/sandbox-flask/src/flask/app.py",
      "target": "C:/projects/graphifyrebuild/crg/sandbox-flask/src/flask/app.py::add_ctx",
      "file_path": "C:/projects/graphifyrebuild/crg/sandbox-flask/src/flask/app.py",
      "line": 98,
      "confidence": 1.0,
      "confidence_tier": "EXTRACTED"
    },
    {
      "id": 538,
      "kind": "CONTAINS",
      "source": "C:/projects/graphifyrebuild/crg/sandbox-flask/src/flask/app.py",
      "target": "C:/projects/graphifyrebuild/crg/sandbox-flask/src/flask/app.py::wrapper",
      "file_path": "C:/projects/graphifyrebuild/crg/sandbox-flask/src/flask/app.py",
      "line": 99,
      "confidence": 1.0,
      "confidence_tier": "EXTRACTED"
    },
    {
      "id": 544,
      "kind": "CONTAINS",
      "source": "C:/projects/graphifyrebuild/crg/sandbox-flask/src/flask/app.py",
      "target": "C:/projects/graphifyrebuild/crg/sandbox-flask/src/flask/app.py::Flask",
      "file_path": "C:/projects/graphifyrebuild/crg/sandbox-flask/src/flask/app.py",
      "line": 110,
      "confidence": 1.0,
      "confidence_tier": "EXTRACTED"
    },
    {
      "id": 549,
      "kind": "CONTAINS",
      "source": "C:/projects/graphifyrebuild/crg/sandbox-flask/src/flask/app.py::Flask",
      "target": "C:/projects/graphifyrebuild/crg/sandbox-flask/src/flask/app.py::Flask.__init_subclass__",
      "file_path": "C:/projects/graphifyrebuild/crg/sandbox-flask/src/flask/app.py",
      "line": 255,
      "confidence": 1.0,
      "confidence_tier": "EXTRACTED"
    },
    {
      "id": 568,
      "kind": "CONTAINS",
      "source": "C:/projects/graphifyrebuild/crg/sandbox-flask/src/flask/app.py::Flask",
      "target": "C:/projects/graphifyrebuild/crg/sandbox-flask/src/flask/app.py::Flask.__init__",
      "file_path": "C:/projects/graphifyrebuild/crg/sandbox-flask/src/flask/app.py",
      "line": 311,
      "confidence": 1.0,
      "confidence_tier": "EXTRACTED"
    },
    {
      "id": 577,
      "kind": "CONTAINS",
      "source": "C:/projects/graphifyrebuild/crg/sandbox-flask/src/flask/app.py::Flask",
      "target": "C:/projects/graphifyrebuild/crg/sandbox-flask/src/flask/app.py::Flask.get_send_file_max_age",
      "file_path": "C:/projects/graphifyrebuild/crg/sandbox-flask/src/flask/app.py",
      "line": 366,
      "confidence": 1.0,
      "confidence_tier": "EXTRACTED"
    },
    {
      "id": 582,
      "kind": "CONTAINS",
      "source": "C:/projects/graphifyrebuild/crg/sandbox-flask/src/flask/app.py::Flask",
      "target": "C:/projects/graphifyrebuild/crg/sandbox-flask/src/flask/app.py::Flask.send_static_file",
      "file_path": "C:/projects/graphifyrebuild/crg/sandbox-flask/src/flask/app.py",
      "line": 393,
      "confidence": 1.0,
      "confidence_tier": "EXTRACTED"
    },
    {
      "id": 587,
      "kind": "CONTAINS",
      "source": "C:/projects/graphifyrebuild/crg/sandbox-flask/src/flask/app.py::Flask",
      "target": "C:/projects/graphifyrebuild/crg/sandbox-flask/src/flask/app.py::Flask.open_resource",
      "file_path": "C:/projects/graphifyrebuild/crg/sandbox-flask/src/flask/app.py",
      "line": 415,
      "confidence": 1.0,
      "confidence_tier": "EXTRACTED"
    },
    {
      "id": 592,
      "kind": "CONTAINS",
      "source": "C:/projects/graphifyrebuild/crg/sandbox-flask/src/flask/app.py::Flask",
      "target": "C:/projects/graphifyrebuild/crg/sandbox-flask/src/flask/app.py::Flask.open_instance_resource",
      "file_path": "C:/projects/graphifyrebuild/crg/sandbox-flask/src/flask/app.py",
      "line": 448,
      "confidence": 1.0,
      "confidence_tier": "EXTRACTED"
    },
    {
      "id": 596,
      "kind": "CONTAINS",
      "source": "C:/projects/graphifyrebuild/crg/sandbox-flask/src/flask/app.py::Flask",
      "target": "C:/projects/graphifyrebuild/crg/sandbox-flask/src/flask/app.py::Flask.create_jinja_environment",
      "file_path": "C:/projects/graphifyrebuild/crg/sandbox-flask/src/flask/app.py",
      "line": 470,
      "confidence": 1.0,
      "confidence_tier": "EXTRACTED"
    },
    {
      "id": 600,
      "kind": "CONTAINS",
      "source": "C:/projects/graphifyrebuild/crg/sandbox-flask/src/flask/app.py::Flask",
      "target": "C:/projects/graphifyrebuild/crg/sandbox-flask/src/flask/app.py::Flask.create_url_adapter",
      "file_path": "C:/projects/graphifyrebuild/crg/sandbox-flask/src/flask/app.py",
      "line": 510,
      "confidence": 1.0,
      "confidence_tier": "EXTRACTED"
    },
    {
      "id": 604,
      "kind": "CONTAINS",
      "source": "C:/projects/graphifyrebuild/crg/sandbox-flask/src/flask/app.py::Flask",
      "target": "C:/projects/graphifyrebuild/crg/sandbox-flask/src/flask/app.py::Flask.raise_routing_exception",
      "file_path": "C:/projects/graphifyrebuild/crg/sandbox-flask/src/flask/app.py",
      "line": 563,
      "confidence": 1.0,
      "confidence_tier": "EXTRACTED"
    },
    {
      "id": 609,
      "kind": "CONTAINS",
      "source": "C:/projects/graphifyrebuild/crg/sandbox-flask/src/flask/app.py::Flask",
      "target": "C:/projects/graphifyrebuild/crg/sandbox-flask/src/flask/app.py::Flask.update_template_context",
      "file_path": "C:/projects/graphifyrebuild/crg/sandbox-flask/src/flask/app.py",
      "line": 591,
      "confidence": 1.0,
      "confidence_tier": "EXTRACTED"
    },
    {
      "id": 616,
      "kind": "CONTAINS",
      "source": "C:/projects/graphifyrebuild/crg/sandbox-flask/src/flask/app.py::Flask",
      "target": "C:/projects/graphifyrebuild/crg/sandbox-flask/src/flask/app.py::Flask.make_shell_context",
      "file_path": "C:/projects/graphifyrebuild/crg/sandbox-flask/src/flask/app.py",
      "line": 621,
      "confidence": 1.0,
      "confidence_tier": "EXTRACTED"
    },
    {
      "id": 619,
      "kind": "CONTAINS",
      "source": "C:/projects/graphifyrebuild/crg/sandbox-flask/src/flask/app.py::Flask",
      "target": "C:/projects/graphifyrebuild/crg/sandbox-flask/src/flask/app.py::Flask.run",
      "file_path": "C:/projects/graphifyrebuild/crg/sandbox-flask/src/flask/app.py",
      "line": 633,
      "confidence": 1.0,
      "confidence_tier": "EXTRACTED"
    },
    {
      "id": 636,
      "kind": "CONTAINS",
      "source": "C:/projects/graphifyrebuild/crg/sandbox-flask/src/flask/app.py::Flask",
      "target": "C:/projects/graphifyrebuild/crg/sandbox-flask/src/flask/app.py::Flask.test_client",
      "file_path": "C:/projects/graphifyrebuild/crg/sandbox-flask/src/flask/app.py",
      "line": 758,
      "confidence": 1.0,
      "confidence_tier": "EXTRACTED"
    },
    {
      "id": 638,
      "kind": "CONTAINS",
      "source": "C:/projects/graphifyrebuild/crg/sandbox-flask/src/flask/app.py::Flask",
      "target": "C:/projects/graphifyrebuild/crg/sandbox-flask/src/flask/app.py::Flask.test_cli_runner",
      "file_path": "C:/projects/graphifyrebuild/crg/sandbox-flask/src/flask/app.py",
      "line": 816,
      "confidence": 1.0,
      "confidence_tier": "EXTRACTED"
    },
    {
      "id": 640,
      "kind": "CONTAINS",
      "source": "C:/projects/graphifyrebuild/crg/sandbox-flask/src/flask/app.py::Flask",
      "target": "C:/projects/graphifyrebuild/crg/sandbox-flask/src/flask/app.py::Flask.handle_http_exception",
      "file_path": "C:/projects/graphifyrebuild/crg/sandbox-flask/src/flask/app.py",
      "line": 833,
      "confidence": 1.0,
      "confidence_tier": "EXTRACTED"
    },
    {
      "id": 645,
      "kind": "CONTAINS",
      "source": "C:/projects/graphifyrebuild/crg/sandbox-flask/src/flask/app.py::Flask",
      "target": "C:/projects/graphifyrebuild/crg/sandbox-flask/src/flask/app.py::Flask.handle_user_exception",
      "file_path": "C:/projects/graphifyrebuild/crg/sandbox-flask/src/flask/app.py",
      "line": 868,
      "confidence": 1.0,
      "confidence_tier": "EXTRACTED"
    },
    {
      "id": 654,
      "kind": "CONTAINS",
      "source": "C:/projects/graphifyrebuild/crg/sandbox-flask/src/flask/app.py::Flask",
      "target": "C:/projects/graphifyrebuild/crg/sandbox-flask/src/flask/app.py::Flask.handle_exception",
      "file_path": "C:/projects/graphifyrebuild/crg/sandbox-flask/src/flask/app.py",
      "line": 900,
      "confidence": 1.0,
      "confidence_tier": "EXTRACTED"
    },
    {
      "id": 662,
      "kind": "CONTAINS",
      "source": "C:/projects/graphifyrebuild/crg/sandbox-flask/src/flask/app.py::Flask",
      "target": "C:/projects/graphifyrebuild/crg/sandbox-flask/src/flask/app.py::Flask.log_exception",
      "file_path": "C:/projects/graphifyrebuild/crg/sandbox-flask/src/flask/app.py",
      "line": 953,
      "confidence": 1.0,
      "confidence_tier": "EXTRACTED"
    },
    {
      "id": 664,
      "kind": "CONTAINS",
      "source": "C:/projects/graphifyrebuild/crg/sandbox-flask/src/flask/app.py::Flask",
      "target": "C:/projects/graphifyrebuild/crg/sandbox-flask/src/flask/app.py::Flask.dispatch_request",
      "file_path": "C:/projects/graphifyrebuild/crg/sandbox-flask/src/flask/app.py",
      "line": 969,
      "confidence": 1.0,
      "confidence_tier": "EXTRACTED"
    },
    {
      "id": 669,
      "kind": "CONTAINS",
      "source": "C:/projects/graphifyrebuild/crg/sandbox-flask/src/flask/app.py::Flask",
      "target": "C:/projects/graphifyrebuild/crg/sandbox-flask/src/flask/app.py::Flask.full_dispatch_request",
      "file_path": "C:/projects/graphifyrebuild/crg/sandbox-flask/src/flask/app.py",
      "line": 995,
      "confidence": 1.0,
      "confidence_tier": "EXTRACTED"
    },
    {
      "id": 677,
      "kind": "CONTAINS",
      "source": "C:/projects/graphifyrebuild/crg/sandbox-flask/src/flask/app.py::Flask",
      "target": "C:/projects/graphifyrebuild/crg/sandbox-flask/src/flask/app.py::Flask.finalize_request",
      "file_path": "C:/projects/graphifyrebuild/crg/sandbox-flask/src/flask/app.py",
      "line": 1024,
      "confidence": 1.0,
      "confidence_tier": "EXTRACTED"
    },
    {
      "id": 682,
      "kind": "CONTAINS",
      "source": "C:/projects/graphifyrebuild/crg/sandbox-flask/src/flask/app.py::Flask",
      "target": "C:/projects/graphifyrebuild/crg/sandbox-flask/src/flask/app.py::Flask.make_default_options_response",
      "file_path": "C:/projects/graphifyrebuild/crg/sandbox-flask/src/flask/app.py",
      "line": 1056,
      "confidence": 1.0,
      "confidence_tier": "EXTRACTED"
    },
    {
      "id": 686,
      "kind": "CONTAINS",
      "source": "C:/projects/graphifyrebuild/crg/sandbox-flask/src/flask/app.py::Flask",
      "target": "C:/projects/graphifyrebuild/crg/sandbox-flask/src/flask/app.py::Flask.ensure_sync",
      "file_path": "C:/projects/graphifyrebuild/crg/sandbox-flask/src/flask/app.py",
      "line": 1068,
      "confidence": 1.0,
      "confidence_tier": "EXTRACTED"
    },
    {
      "id": 689,
      "kind": "CONTAINS",
      "source": "C:/projects/graphifyrebuild/crg/sandbox-flask/src/flask/app.py::Flask",
      "target": "C:/projects/graphifyrebuild/crg/sandbox-flask/src/flask/app.py::Flask.async_to_sync",
      "file_path": "C:/projects/graphifyrebuild/crg/sandbox-flask/src/flask/app.py",
      "line": 1082,
      "confidence": 1.0,
      "confidence_tier": "EXTRACTED"
    },
    {
      "id": 693,
      "kind": "CONTAINS",
      "source": "C:/projects/graphifyrebuild/crg/sandbox-flask/src/flask/app.py::Flask",
      "target": "C:/projects/graphifyrebuild/crg/sandbox-flask/src/flask/app.py::Flask.url_for",
      "file_path": "C:/projects/graphifyrebuild/crg/sandbox-flask/src/flask/app.py",
      "line": 1105,
      "confidence": 1.0,
      "confidence_tier": "EXTRACTED"
    },
    {
      "id": 703,
      "kind": "CONTAINS",
      "source": "C:/projects/graphifyrebuild/crg/sandbox-flask/src/flask/app.py::Flask",
      "target": "C:/projects/graphifyrebuild/crg/sandbox-flask/src/flask/app.py::Flask.make_response",
      "file_path": "C:/projects/graphifyrebuild/crg/sandbox-flask/src/flask/app.py",
      "line": 1227,
      "confidence": 1.0,
      "confidence_tier": "EXTRACTED"
    },
    {
      "id": 727,
      "kind": "CONTAINS",
      "source": "C:/projects/graphifyrebuild/crg/sandbox-flask/src/flask/app.py::Flask",
      "target": "C:/projects/graphifyrebuild/crg/sandbox-flask/src/flask/app.py::Flask.preprocess_request",
      "file_path": "C:/projects/graphifyrebuild/crg/sandbox-flask/src/flask/app.py",
      "line": 1369,
      "confidence": 1.0,
      "confidence_tier": "EXTRACTED"
    },
    {
      "id": 731,
      "kind": "CONTAINS",
      "source": "C:/projects/graphifyrebuild/crg/sandbox-flask/src/flask/app.py::Flask",
      "target": "C:/projects/graphifyrebuild/crg/sandbox-flask/src/flask/app.py::Flask.process_response",
      "file_path": "C:/projects/graphifyrebuild/crg/sandbox-flask/src/flask/app.py",
      "line": 1397,
      "confidence": 1.0,
      "confidence_tier": "EXTRACTED"
    },
    {
      "id": 740,
      "kind": "CONTAINS",
      "source": "C:/projects/graphifyrebuild/crg/sandbox-flask/src/flask/app.py::Flask",
      "target": "C:/projects/graphifyrebuild/crg/sandbox-flask/src/flask/app.py::Flask.do_teardown_request",
      "file_path": "C:/projects/graphifyrebuild/crg/sandbox-flask/src/flask/app.py",
      "line": 1423,
      "confidence": 1.0,
      "confidence_tier": "EXTRACTED"
    },
    {
      "id": 747,
      "kind": "CONTAINS",
      "source": "C:/projects/graphifyrebuild/crg/sandbox-flask/src/flask/app.py::Flask",
      "target": "C:/projects/graphifyrebuild/crg/sandbox-flask/src/flask/app.py::Flask.do_teardown_appcontext",
      "file_path": "C:/projects/graphifyrebuild/crg/sandbox-flask/src/flask/app.py",
      "line": 1456,
      "confidence": 1.0,
      "confidence_tier": "EXTRACTED"
    },
    {
      "id": 753,
      "kind": "CONTAINS",
      "source": "C:/projects/graphifyrebuild/crg/sandbox-flask/src/flask/app.py::Flask",
      "target": "C:/projects/graphifyrebuild/crg/sandbox-flask/src/flask/app.py::Flask.app_context",
      "file_path": "C:/projects/graphifyrebuild/crg/sandbox-flask/src/flask/app.py",
      "line": 1484,
      "confidence": 1.0,
      "confidence_tier": "EXTRACTED"
    },
    {
      "id": 755,
      "kind": "CONTAINS",
      "source": "C:/projects/graphifyrebuild/crg/sandbox-flask/src/flask/app.py::Flask",
      "target": "C:/projects/graphifyrebuild/crg/sandbox-flask/src/flask/app.py::Flask.request_context",
      "file_path": "C:/projects/graphifyrebuild/crg/sandbox-flask/src/flask/app.py",
      "line": 1504,
      "confidence": 1.0,
      "confidence_tier": "EXTRACTED"
    },
    {
      "id": 757,
      "kind": "CONTAINS",
      "source": "C:/projects/graphifyrebuild/crg/sandbox-flask/src/flask/app.py::Flask",
      "target": "C:/projects/graphifyrebuild/crg/sandbox-flask/src/flask/app.py::Flask.test_request_context",
      "file_path": "C:/projects/graphifyrebuild/crg/sandbox-flask/src/flask/app.py",
      "line": 1520,
      "confidence": 1.0,
      "confidence_tier": "EXTRACTED"
    },
    {
      "id": 763,
      "kind": "CONTAINS",
      "source": "C:/projects/graphifyrebuild/crg/sandbox-flask/src/flask/app.py::Flask",
      "target": "C:/projects/graphifyrebuild/crg/sandbox-flask/src/flask/app.py::Flask.wsgi_app",
      "file_path": "C:/projects/graphifyrebuild/crg/sandbox-flask/src/flask/app.py",
      "line": 1569,
      "confidence": 1.0,
      "confidence_tier": "EXTRACTED"
    },
    {
      "id": 772,
      "kind": "CONTAINS",
      "source": "C:/projects/graphifyrebuild/crg/sandbox-flask/src/flask/app.py::Flask",
      "target": "C:/projects/graphifyrebuild/crg/sandbox-flask/src/flask/app.py::Flask.__call__",
      "file_path": "C:/projects/graphifyrebuild/crg/sandbox-flask/src/flask/app.py",
      "line": 1621,
      "confidence": 1.0,
      "confidence_tier": "EXTRACTED"
    },
    {
      "id": 773,
      "kind": "CALLS",
      "source": "C:/projects/graphifyrebuild/crg/sandbox-flask/src/flask/app.py::Flask.__call__",
      "target": "C:/projects/graphifyrebuild/crg/sandbox-flask/src/flask/app.py::Flask.wsgi_app",
      "file_path": "C:/projects/graphifyrebuild/crg/sandbox-flask/src/flask/app.py",
      "line": 1628,
      "confidence": 1.0,
      "confidence_tier": "EXTRACTED"
    },
    {
      "id": 569,
      "kind": "CALLS",
      "source": "C:/projects/graphifyrebuild/crg/sandbox-flask/src/flask/app.py::Flask.__init__",
      "target": "C:/projects/graphifyrebuild/crg/sandbox-flask/src/flask/app.py::Flask.__init__",
      "file_path": "C:/projects/graphifyrebuild/crg/sandbox-flask/src/flask/app.py",
      "line": 324,
      "confidence": 1.0,
      "confidence_tier": "EXTRACTED"
    },
    {
      "id": 575,
      "kind": "CALLS",
      "source": "C:/projects/graphifyrebuild/crg/sandbox-flask/src/flask/app.py::Flask.__init__",
      "target": "C:/projects/graphifyrebuild/crg/sandbox-flask/src/flask/app.py::Flask.send_static_file",
      "file_path": "C:/projects/graphifyrebuild/crg/sandbox-flask/src/flask/app.py",
      "line": 363,
      "confidence": 1.0,
      "confidence_tier": "EXTRACTED"
    },
    {
      "id": 552,
      "kind": "REFERENCES",
      "source": "C:/projects/graphifyrebuild/crg/sandbox-flask/src/flask/app.py::Flask.__init_subclass__",
      "target": "C:/projects/graphifyrebuild/crg/sandbox-flask/src/flask/app.py::Flask",
      "file_path": "C:/projects/graphifyrebuild/crg/sandbox-flask/src/flask/app.py",
      "line": 275,
      "confidence": 1.0,
      "confidence_tier": "EXTRACTED"
    },
    {
      "id": 564,
      "kind": "CALLS",
      "source": "C:/projects/graphifyrebuild/crg/sandbox-flask/src/flask/app.py::Flask.__init_subclass__",
      "target": "C:/projects/graphifyrebuild/crg/sandbox-flask/src/flask/app.py::remove_ctx",
      "file_path": "C:/projects/graphifyrebuild/crg/sandbox-flask/src/flask/app.py",
      "line": 308,
      "confidence": 1.0,
      "confidence_tier": "EXTRACTED"
    },
    {
      "id": 566,
      "kind": "REFERENCES",
      "source": "C:/projects/graphifyrebuild/crg/sandbox-flask/src/flask/app.py::Flask.__init_subclass__",
      "target": "C:/projects/graphifyrebuild/crg/sandbox-flask/src/flask/app.py::Flask",
      "file_path": "C:/projects/graphifyrebuild/crg/sandbox-flask/src/flask/app.py",
      "line": 309,
      "confidence": 1.0,
      "confidence_tier": "EXTRACTED"
    },
    {
      "id": 567,
      "kind": "CALLS",
      "source": "C:/projects/graphifyrebuild/crg/sandbox-flask/src/flask/app.py::Flask.__init_subclass__",
      "target": "C:/projects/graphifyrebuild/crg/sandbox-flask/src/flask/app.py::add_ctx",
      "file_path": "C:/projects/graphifyrebuild/crg/sandbox-flask/src/flask/app.py",
      "line": 309,
      "confidence": 1.0,
      "confidence_tier": "EXTRACTED"
    },
    {
      "id": 665,
      "kind": "CALLS",
      "source": "C:/projects/graphifyrebuild/crg/sandbox-flask/src/flask/app.py::Flask.dispatch_request",
      "target": "C:/projects/graphifyrebuild/crg/sandbox-flask/src/flask/app.py::Flask.raise_routing_exception",
      "file_path": "C:/projects/graphifyrebuild/crg/sandbox-flask/src/flask/app.py",
      "line": 982,
      "confidence": 1.0,
      "confidence_tier": "EXTRACTED"
    },
    {
      "id": 667,
      "kind": "CALLS",
      "source": "C:/projects/graphifyrebuild/crg/sandbox-flask/src/flask/app.py::Flask.dispatch_request",
      "target": "C:/projects/graphifyrebuild/crg/sandbox-flask/src/flask/app.py::Flask.make_default_options_response",
      "file_path": "C:/projects/graphifyrebuild/crg/sandbox-flask/src/flask/app.py",
      "line": 990,
      "confidence": 1.0,
      "confidence_tier": "EXTRACTED"
    },
    {
      "id": 668,
      "kind": "CALLS",
      "source": "C:/projects/graphifyrebuild/crg/sandbox-flask/src/flask/app.py::Flask.dispatch_request",
      "target": "C:/projects/graphifyrebuild/crg/sandbox-flask/src/flask/app.py::Flask.ensure_sync",
      "file_path": "C:/projects/graphifyrebuild/crg/sandbox-flask/src/flask/app.py",
      "line": 993,
      "confidence": 1.0,
      "confidence_tier": "EXTRACTED"
    },
    {
      "id": 750,
      "kind": "CALLS",
      "source": "C:/projects/graphifyrebuild/crg/sandbox-flask/src/flask/app.py::Flask.do_teardown_appcontext",
      "target": "C:/projects/graphifyrebuild/crg/sandbox-flask/src/flask/app.py::Flask.ensure_sync",
      "file_path": "C:/projects/graphifyrebuild/crg/sandbox-flask/src/flask/app.py",
      "line": 1477,
      "confidence": 1.0,
      "confidence_tier": "EXTRACTED"
    },
    {
      "id": 744,
      "kind": "CALLS",
      "source": "C:/projects/graphifyrebuild/crg/sandbox-flask/src/flask/app.py::Flask.do_teardown_request",
      "target": "C:/projects/graphifyrebuild/crg/sandbox-flask/src/flask/app.py::Flask.ensure_sync",
      "file_path": "C:/projects/graphifyrebuild/crg/sandbox-flask/src/flask/app.py",
      "line": 1449,
      "confidence": 1.0,
      "confidence_tier": "EXTRACTED"
    },
    {
      "id": 688,
      "kind": "CALLS",
      "source": "C:/projects/graphifyrebuild/crg/sandbox-flask/src/flask/app.py::Flask.ensure_sync",
      "target": "C:/projects/graphifyrebuild/crg/sandbox-flask/src/flask/app.py::Flask.async_to_sync",
      "file_path": "C:/projects/graphifyrebuild/crg/sandbox-flask/src/flask/app.py",
      "line": 1078,
      "confidence": 1.0,
      "confidence_tier": "EXTRACTED"
    },
    {
      "id": 678,
      "kind": "CALLS",
      "source": "C:/projects/graphifyrebuild/crg/sandbox-flask/src/flask/app.py::Flask.finalize_request",
      "target": "C:/projects/graphifyrebuild/crg/sandbox-flask/src/flask/app.py::Flask.make_response",
      "file_path": "C:/projects/graphifyrebuild/crg/sandbox-flask/src/flask/app.py",
      "line": 1042,
      "confidence": 1.0,
      "confidence_tier": "EXTRACTED"
    },
    {
      "id": 679,
      "kind": "CALLS",
      "source": "C:/projects/graphifyrebuild/crg/sandbox-flask/src/flask/app.py::Flask.finalize_request",
      "target": "C:/projects/graphifyrebuild/crg/sandbox-flask/src/flask/app.py::Flask.process_response",
      "file_path": "C:/projects/graphifyrebuild/crg/sandbox-flask/src/flask/app.py",
      "line": 1044,
      "confidence": 1.0,
      "confidence_tier": "EXTRACTED"
    },
    {
      "id": 673,
      "kind": "CALLS",
      "source": "C:/projects/graphifyrebuild/crg/sandbox-flask/src/flask/app.py::Flask.full_dispatch_request",
      "target": "C:/projects/graphifyrebuild/crg/sandbox-flask/src/flask/app.py::Flask.preprocess_request",
      "file_path": "C:/projects/graphifyrebuild/crg/sandbox-flask/src/flask/app.py",
      "line": 1017,
      "confidence": 1.0,
      "confidence_tier": "EXTRACTED"
    },
    {
      "id": 674,
      "kind": "CALLS",
      "source": "C:/projects/graphifyrebuild/crg/sandbox-flask/src/flask/app.py::Flask.full_dispatch_request",
      "target": "C:/projects/graphifyrebuild/crg/sandbox-flask/src/flask/app.py::Flask.dispatch_request",
      "file_path": "C:/projects/graphifyrebuild/crg/sandbox-flask/src/flask/app.py",
      "line": 1019,
      "confidence": 1.0,
      "confidence_tier": "EXTRACTED"
    },
    {
      "id": 675,
      "kind": "CALLS",
      "source": "C:/projects/graphifyrebuild/crg/sandbox-flask/src/flask/app.py::Flask.full_dispatch_request",
      "target": "C:/projects/graphifyrebuild/crg/sandbox-flask/src/flask/app.py::Flask.handle_user_exception",
      "file_path": "C:/projects/graphifyrebuild/crg/sandbox-flask/src/flask/app.py",
      "line": 1021,
      "confidence": 1.0,
      "confidence_tier": "EXTRACTED"
    },
    {
      "id": 676,
      "kind": "CALLS",
      "source": "C:/projects/graphifyrebuild/crg/sandbox-flask/src/flask/app.py::Flask.full_dispatch_request",
      "target": "C:/projects/graphifyrebuild/crg/sandbox-flask/src/flask/app.py::Flask.finalize_request",
      "file_path": "C:/projects/graphifyrebuild/crg/sandbox-flask/src/flask/app.py",
      "line": 1022,
      "confidence": 1.0,
      "confidence_tier": "EXTRACTED"
    },
    {
      "id": 657,
      "kind": "CALLS",
      "source": "C:/projects/graphifyrebuild/crg/sandbox-flask/src/flask/app.py::Flask.handle_exception",
      "target": "C:/projects/graphifyrebuild/crg/sandbox-flask/src/flask/app.py::Flask.log_exception",
      "file_path": "C:/projects/graphifyrebuild/crg/sandbox-flask/src/flask/app.py",
      "line": 943,
      "confidence": 1.0,
      "confidence_tier": "EXTRACTED"
    },
    {
      "id": 660,
      "kind": "CALLS",
      "source": "C:/projects/graphifyrebuild/crg/sandbox-flask/src/flask/app.py::Flask.handle_exception",
      "target": "C:/projects/graphifyrebuild/crg/sandbox-flask/src/flask/app.py::Flask.ensure_sync",
      "file_path": "C:/projects/graphifyrebuild/crg/sandbox-flask/src/flask/app.py",
      "line": 949,
      "confidence": 1.0,
      "confidence_tier": "EXTRACTED"
    },
    {
      "id": 661,
      "kind": "CALLS",
      "source": "C:/projects/graphifyrebuild/crg/sandbox-flask/src/flask/app.py::Flask.handle_exception",
      "target": "C:/projects/graphifyrebuild/crg/sandbox-flask/src/flask/app.py::Flask.finalize_request",
      "file_path": "C:/projects/graphifyrebuild/crg/sandbox-flask/src/flask/app.py",
      "line": 951,
      "confidence": 1.0,
      "confidence_tier": "EXTRACTED"
    },
    {
      "id": 644,
      "kind": "CALLS",
      "source": "C:/projects/graphifyrebuild/crg/sandbox-flask/src/flask/app.py::Flask.handle_http_exception",
      "target": "C:/projects/graphifyrebuild/crg/sandbox-flask/src/flask/app.py::Flask.ensure_sync",
      "file_path": "C:/projects/graphifyrebuild/crg/sandbox-flask/src/flask/app.py",
      "line": 866,
      "confidence": 1.0,
      "confidence_tier": "EXTRACTED"
    },
    {
      "id": 651,
      "kind": "CALLS",
      "source": "C:/projects/graphifyrebuild/crg/sandbox-flask/src/flask/app.py::Flask.handle_user_exception",
      "target": "C:/projects/graphifyrebuild/crg/sandbox-flask/src/flask/app.py::Flask.handle_http_exception",
      "file_path": "C:/projects/graphifyrebuild/crg/sandbox-flask/src/flask/app.py",
      "line": 891,
      "confidence": 1.0,
      "confidence_tier": "EXTRACTED"
    },
    {
      "id": 653,
      "kind": "CALLS",
      "source": "C:/projects/graphifyrebuild/crg/sandbox-flask/src/flask/app.py::Flask.handle_user_exception",
      "target": "C:/projects/graphifyrebuild/crg/sandbox-flask/src/flask/app.py::Flask.ensure_sync",
      "file_path": "C:/projects/graphifyrebuild/crg/sandbox-flask/src/flask/app.py",
      "line": 898,
      "confidence": 1.0,
      "confidence_tier": "EXTRACTED"
    },
    {
      "id": 730,
      "kind": "CALLS",
      "source": "C:/projects/graphifyrebuild/crg/sandbox-flask/src/flask/app.py::Flask.preprocess_request",
      "target": "C:/projects/graphifyrebuild/crg/sandbox-flask/src/flask/app.py::Flask.ensure_sync",
      "file_path": "C:/projects/graphifyrebuild/crg/sandbox-flask/src/flask/app.py",
      "line": 1390,
      "confidence": 1.0,
      "confidence_tier": "EXTRACTED"
    },
    {
      "id": 732,
      "kind": "CALLS",
      "source": "C:/projects/graphifyrebuild/crg/sandbox-flask/src/flask/app.py::Flask.process_response",
      "target": "C:/projects/graphifyrebuild/crg/sandbox-flask/src/flask/app.py::Flask.ensure_sync",
      "file_path": "C:/projects/graphifyrebuild/crg/sandbox-flask/src/flask/app.py",
      "line": 1411,
      "confidence": 1.0,
      "confidence_tier": "EXTRACTED"
    },
    {
      "id": 735,
      "kind": "CALLS",
      "source": "C:/projects/graphifyrebuild/crg/sandbox-flask/src/flask/app.py::Flask.process_response",
      "target": "C:/projects/graphifyrebuild/crg/sandbox-flask/src/flask/app.py::Flask.ensure_sync",
      "file_path": "C:/projects/graphifyrebuild/crg/sandbox-flask/src/flask/app.py",
      "line": 1416,
      "confidence": 1.0,
      "confidence_tier": "EXTRACTED"
    },
    {
      "id": 779,
      "kind": "TESTED_BY",
      "source": "C:/projects/graphifyrebuild/crg/sandbox-flask/src/flask/app.py::Flask.request_context",
      "target": "C:/projects/graphifyrebuild/crg/sandbox-flask/src/flask/app.py::Flask.test_request_context",
      "file_path": "C:/projects/graphifyrebuild/crg/sandbox-flask/src/flask/app.py",
      "line": 1567,
      "confidence": 1.0,
      "confidence_tier": "EXTRACTED"
    },
    {
      "id": 584,
      "kind": "CALLS",
      "source": "C:/projects/graphifyrebuild/crg/sandbox-flask/src/flask/app.py::Flask.send_static_file",
      "target": "C:/projects/graphifyrebuild/crg/sandbox-flask/src/flask/app.py::Flask.get_send_file_max_age",
      "file_path": "C:/projects/graphifyrebuild/crg/sandbox-flask/src/flask/app.py",
      "line": 410,
      "confidence": 1.0,
      "confidence_tier": "EXTRACTED"
    },
    {
      "id": 762,
      "kind": "CALLS",
      "source": "C:/projects/graphifyrebuild/crg/sandbox-flask/src/flask/app.py::Flask.test_request_context",
      "target": "C:/projects/graphifyrebuild/crg/sandbox-flask/src/flask/app.py::Flask.request_context",
      "file_path": "C:/projects/graphifyrebuild/crg/sandbox-flask/src/flask/app.py",
      "line": 1567,
      "confidence": 1.0,
      "confidence_tier": "EXTRACTED"
    },
    {
      "id": 614,
      "kind": "CALLS",
      "source": "C:/projects/graphifyrebuild/crg/sandbox-flask/src/flask/app.py::Flask.update_template_context",
      "target": "C:/projects/graphifyrebuild/crg/sandbox-flask/src/flask/app.py::Flask.ensure_sync",
      "file_path": "C:/projects/graphifyrebuild/crg/sandbox-flask/src/flask/app.py",
      "line": 617,
      "confidence": 1.0,
      "confidence_tier": "EXTRACTED"
    },
    {
      "id": 695,
      "kind": "CALLS",
      "source": "C:/projects/graphifyrebuild/crg/sandbox-flask/src/flask/app.py::Flask.url_for",
      "target": "C:/projects/graphifyrebuild/crg/sandbox-flask/src/flask/app.py::Flask.create_url_adapter",
      "file_path": "C:/projects/graphifyrebuild/crg/sandbox-flask/src/flask/app.py",
      "line": 1185,
      "confidence": 1.0,
      "confidence_tier": "EXTRACTED"
    },
    {
      "id": 764,
      "kind": "CALLS",
      "source": "C:/projects/graphifyrebuild/crg/sandbox-flask/src/flask/app.py::Flask.wsgi_app",
      "target": "C:/projects/graphifyrebuild/crg/sandbox-flask/src/flask/app.py::Flask.request_context",
      "file_path": "C:/projects/graphifyrebuild/crg/sandbox-flask/src/flask/app.py",
      "line": 1595,
      "confidence": 1.0,
      "confidence_tier": "EXTRACTED"
    },
    {
      "id": 766,
      "kind": "CALLS",
      "source": "C:/projects/graphifyrebuild/crg/sandbox-flask/src/flask/app.py::Flask.wsgi_app",
      "target": "C:/projects/graphifyrebuild/crg/sandbox-flask/src/flask/app.py::Flask.full_dispatch_request",
      "file_path": "C:/projects/graphifyrebuild/crg/sandbox-flask/src/flask/app.py",
      "line": 1600,
      "confidence": 1.0,
      "confidence_tier": "EXTRACTED"
    },
    {
      "id": 767,
      "kind": "CALLS",
      "source": "C:/projects/graphifyrebuild/crg/sandbox-flask/src/flask/app.py::Flask.wsgi_app",
      "target": "C:/projects/graphifyrebuild/crg/sandbox-flask/src/flask/app.py::Flask.handle_exception",
      "file_path": "C:/projects/graphifyrebuild/crg/sandbox-flask/src/flask/app.py",
      "line": 1603,
      "confidence": 1.0,
      "confidence_tier": "EXTRACTED"
    },
    {
      "id": 1146,
      "kind": "IMPORTS_FROM",
      "source": "C:/projects/graphifyrebuild/crg/sandbox-flask/src/flask/config.py",
      "target": "C:/projects/graphifyrebuild/crg/sandbox-flask/src/flask/app.py",
      "file_path": "C:/projects/graphifyrebuild/crg/sandbox-flask/src/flask/config.py",
      "line": 14,
      "confidence": 1.0,
      "confidence_tier": "EXTRACTED"
    },
    {
      "id": 1305,
      "kind": "IMPORTS_FROM",
      "source": "C:/projects/graphifyrebuild/crg/sandbox-flask/src/flask/debughelpers.py",
      "target": "C:/projects/graphifyrebuild/crg/sandbox-flask/src/flask/app.py",
      "file_path": "C:/projects/graphifyrebuild/crg/sandbox-flask/src/flask/debughelpers.py",
      "line": 10,
      "confidence": 1.0,
      "confidence_tier": "EXTRACTED"
    },
    {
      "id": 1523,
      "kind": "IMPORTS_FROM",
      "source": "C:/projects/graphifyrebuild/crg/sandbox-flask/src/flask/json/provider.py",
      "target": "C:/projects/graphifyrebuild/crg/sandbox-flask/src/flask/app.py",
      "file_path": "C:/projects/graphifyrebuild/crg/sandbox-flask/src/flask/json/provider.py",
      "line": 16,
      "confidence": 1.0,
      "confidence_tier": "EXTRACTED"
    },
    {
      "id": 1704,
      "kind": "IMPORTS_FROM",
      "source": "C:/projects/graphifyrebuild/crg/sandbox-flask/src/flask/logging.py",
      "target": "C:/projects/graphifyrebuild/crg/sandbox-flask/src/flask/logging.py",
      "file_path": "C:/projects/graphifyrebuild/crg/sandbox-flask/src/flask/logging.py",
      "line": 3,
      "confidence": 1.0,
      "confidence_tier": "EXTRACTED"
    },
    {
      "id": 1708,
      "kind": "IMPORTS_FROM",
      "source": "C:/projects/graphifyrebuild/crg/sandbox-flask/src/flask/logging.py",
      "target": "C:/projects/graphifyrebuild/crg/sandbox-flask/src/flask/app.py",
      "file_path": "C:/projects/graphifyrebuild/crg/sandbox-flask/src/flask/logging.py",
      "line": 12,
      "confidence": 1.0,
      "confidence_tier": "EXTRACTED"
    },
    {
      "id": 1722,
      "kind": "IMPORTS_FROM",
      "source": "C:/projects/graphifyrebuild/crg/sandbox-flask/src/flask/sansio/app.py",
      "target": "C:/projects/graphifyrebuild/crg/sandbox-flask/src/flask/logging.py",
      "file_path": "C:/projects/graphifyrebuild/crg/sandbox-flask/src/flask/sansio/app.py",
      "line": 3,
      "confidence": 1.0,
      "confidence_tier": "EXTRACTED"
    },
    {
      "id": 1736,
      "kind": "IMPORTS_FROM",
      "source": "C:/projects/graphifyrebuild/crg/sandbox-flask/src/flask/sansio/app.py",
      "target": "C:/projects/graphifyrebuild/crg/sandbox-flask/src/flask/config.py",
      "file_path": "C:/projects/graphifyrebuild/crg/sandbox-flask/src/flask/sansio/app.py",
      "line": 21,
      "confidence": 1.0,
      "confidence_tier": "EXTRACTED"
    },
    {
      "id": 2282,
      "kind": "IMPORTS_FROM",
      "source": "C:/projects/graphifyrebuild/crg/sandbox-flask/src/flask/templating.py",
      "target": "C:/projects/graphifyrebuild/crg/sandbox-flask/src/flask/app.py",
      "file_path": "C:/projects/graphifyrebuild/crg/sandbox-flask/src/flask/templating.py",
      "line": 17,
      "confidence": 1.0,
      "confidence_tier": "EXTRACTED"
    },
    {
      "id": 2320,
      "kind": "CONTAINS",
      "source": "C:/projects/graphifyrebuild/crg/sandbox-flask/src/flask/templating.py",
      "target": "C:/projects/graphifyrebuild/crg/sandbox-flask/src/flask/templating.py::_render",
      "file_path": "C:/projects/graphifyrebuild/crg/sandbox-flask/src/flask/templating.py",
      "line": 123,
      "confidence": 1.0,
      "confidence_tier": "EXTRACTED"
    },
    {
      "id": 2325,
      "kind": "CONTAINS",
      "source": "C:/projects/graphifyrebuild/crg/sandbox-flask/src/flask/templating.py",
      "target": "C:/projects/graphifyrebuild/crg/sandbox-flask/src/flask/templating.py::render_template",
      "file_path": "C:/projects/graphifyrebuild/crg/sandbox-flask/src/flask/templating.py",
      "line": 136,
      "confidence": 1.0,
      "confidence_tier": "EXTRACTED"
    },
    {
      "id": 2329,
      "kind": "CONTAINS",
      "source": "C:/projects/graphifyrebuild/crg/sandbox-flask/src/flask/templating.py",
      "target": "C:/projects/graphifyrebuild/crg/sandbox-flask/src/flask/templating.py::render_template_string",
      "file_path": "C:/projects/graphifyrebuild/crg/sandbox-flask/src/flask/templating.py",
      "line": 151,
      "confidence": 1.0,
      "confidence_tier": "EXTRACTED"
    },
    {
      "id": 2333,
      "kind": "CONTAINS",
      "source": "C:/projects/graphifyrebuild/crg/sandbox-flask/src/flask/templating.py",
      "target": "C:/projects/graphifyrebuild/crg/sandbox-flask/src/flask/templating.py::_stream",
      "file_path": "C:/projects/graphifyrebuild/crg/sandbox-flask/src/flask/templating.py",
      "line": 163,
      "confidence": 1.0,
      "confidence_tier": "EXTRACTED"
    },
    {
      "id": 2341,
      "kind": "CONTAINS",
      "source": "C:/projects/graphifyrebuild/crg/sandbox-flask/src/flask/templating.py",
      "target": "C:/projects/graphifyrebuild/crg/sandbox-flask/src/flask/templating.py::stream_template",
      "file_path": "C:/projects/graphifyrebuild/crg/sandbox-flask/src/flask/templating.py",
      "line": 181,
      "confidence": 1.0,
      "confidence_tier": "EXTRACTED"
    },
    {
      "id": 2345,
      "kind": "CONTAINS",
      "source": "C:/projects/graphifyrebuild/crg/sandbox-flask/src/flask/templating.py",
      "target": "C:/projects/graphifyrebuild/crg/sandbox-flask/src/flask/templating.py::stream_template_string",
      "file_path": "C:/projects/graphifyrebuild/crg/sandbox-flask/src/flask/templating.py",
      "line": 200,
      "confidence": 1.0,
      "confidence_tier": "EXTRACTED"
    },
    {
      "id": 2321,
      "kind": "CALLS",
      "source": "C:/projects/graphifyrebuild/crg/sandbox-flask/src/flask/templating.py::_render",
      "target": "C:/projects/graphifyrebuild/crg/sandbox-flask/src/flask/app.py::Flask.update_template_context",
      "file_path": "C:/projects/graphifyrebuild/crg/sandbox-flask/src/flask/templating.py",
      "line": 125,
      "confidence": 1.0,
      "confidence_tier": "EXTRACTED"
    },
    {
      "id": 2334,
      "kind": "CALLS",
      "source": "C:/projects/graphifyrebuild/crg/sandbox-flask/src/flask/templating.py::_stream",
      "target": "C:/projects/graphifyrebuild/crg/sandbox-flask/src/flask/app.py::Flask.update_template_context",
      "file_path": "C:/projects/graphifyrebuild/crg/sandbox-flask/src/flask/templating.py",
      "line": 167,
      "confidence": 1.0,
      "confidence_tier": "EXTRACTED"
    },
    {
      "id": 2328,
      "kind": "CALLS",
      "source": "C:/projects/graphifyrebuild/crg/sandbox-flask/src/flask/templating.py::render_template",
      "target": "C:/projects/graphifyrebuild/crg/sandbox-flask/src/flask/templating.py::_render",
      "file_path": "C:/projects/graphifyrebuild/crg/sandbox-flask/src/flask/templating.py",
      "line": 148,
      "confidence": 1.0,
      "confidence_tier": "EXTRACTED"
    },
    {
      "id": 2332,
      "kind": "CALLS",
      "source": "C:/projects/graphifyrebuild/crg/sandbox-flask/src/flask/templating.py::render_template_string",
      "target": "C:/projects/graphifyrebuild/crg/sandbox-flask/src/flask/templating.py::_render",
      "file_path": "C:/projects/graphifyrebuild/crg/sandbox-flask/src/flask/templating.py",
      "line": 160,
      "confidence": 1.0,
      "confidence_tier": "EXTRACTED"
    },
    {
      "id": 2344,
      "kind": "CALLS",
      "source": "C:/projects/graphifyrebuild/crg/sandbox-flask/src/flask/templating.py::stream_template",
      "target": "C:/projects/graphifyrebuild/crg/sandbox-flask/src/flask/templating.py::_stream",
      "file_path": "C:/projects/graphifyrebuild/crg/sandbox-flask/src/flask/templating.py",
      "line": 197,
      "confidence": 1.0,
      "confidence_tier": "EXTRACTED"
    },
    {
      "id": 2348,
      "kind": "CALLS",
      "source": "C:/projects/graphifyrebuild/crg/sandbox-flask/src/flask/templating.py::stream_template_string",
      "target": "C:/projects/graphifyrebuild/crg/sandbox-flask/src/flask/templating.py::_stream",
      "file_path": "C:/projects/graphifyrebuild/crg/sandbox-flask/src/flask/templating.py",
      "line": 212,
      "confidence": 1.0,
      "confidence_tier": "EXTRACTED"
    },
    {
      "id": 3406,
      "kind": "IMPORTS_FROM",
      "source": "C:/projects/graphifyrebuild/crg/sandbox-flask/tests/test_basic.py",
      "target": "C:/projects/graphifyrebuild/crg/sandbox-flask/src/flask/debughelpers.py",
      "file_path": "C:/projects/graphifyrebuild/crg/sandbox-flask/tests/test_basic.py",
      "line": 1130,
      "confidence": 1.0,
      "confidence_tier": "EXTRACTED"
    },
    {
      "id": 6365,
      "kind": "IMPORTS_FROM",
      "source": "C:/projects/graphifyrebuild/crg/sandbox-flask/tests/test_json.py",
      "target": "C:/projects/graphifyrebuild/crg/sandbox-flask/src/flask/json/provider.py",
      "file_path": "C:/projects/graphifyrebuild/crg/sandbox-flask/tests/test_json.py",
      "line": 11,
      "confidence": 1.0,
      "confidence_tier": "EXTRACTED"
    },
    {
      "id": 6643,
      "kind": "IMPORTS_FROM",
      "source": "C:/projects/graphifyrebuild/crg/sandbox-flask/tests/test_logging.py",
      "target": "C:/projects/graphifyrebuild/crg/sandbox-flask/src/flask/logging.py",
      "file_path": "C:/projects/graphifyrebuild/crg/sandbox-flask/tests/test_logging.py",
      "line": 1,
      "confidence": 1.0,
      "confidence_tier": "EXTRACTED"
    },
    {
      "id": 6647,
      "kind": "IMPORTS_FROM",
      "source": "C:/projects/graphifyrebuild/crg/sandbox-flask/tests/test_logging.py",
      "target": "C:/projects/graphifyrebuild/crg/sandbox-flask/src/flask/logging.py",
      "file_path": "C:/projects/graphifyrebuild/crg/sandbox-flask/tests/test_logging.py",
      "line": 7,
      "confidence": 1.0,
      "confidence_tier": "EXTRACTED"
    },
    {
      "id": 6648,
      "kind": "IMPORTS_FROM",
      "source": "C:/projects/graphifyrebuild/crg/sandbox-flask/tests/test_logging.py",
      "target": "C:/projects/graphifyrebuild/crg/sandbox-flask/src/flask/logging.py",
      "file_path": "C:/projects/graphifyrebuild/crg/sandbox-flask/tests/test_logging.py",
      "line": 8,
      "confidence": 1.0,
      "confidence_tier": "EXTRACTED"
    },
    {
      "id": 6649,
      "kind": "IMPORTS_FROM",
      "source": "C:/projects/graphifyrebuild/crg/sandbox-flask/tests/test_logging.py",
      "target": "C:/projects/graphifyrebuild/crg/sandbox-flask/src/flask/logging.py",
      "file_path": "C:/projects/graphifyrebuild/crg/sandbox-flask/tests/test_logging.py",
      "line": 9,
      "confidence": 1.0,
      "confidence_tier": "EXTRACTED"
    },
    {
      "id": 7129,
      "kind": "IMPORTS_FROM",
      "source": "C:/projects/graphifyrebuild/crg/sandbox-flask/tests/test_templating.py",
      "target": "C:/projects/graphifyrebuild/crg/sandbox-flask/src/flask/logging.py",
      "file_path": "C:/projects/graphifyrebuild/crg/sandbox-flask/tests/test_templating.py",
      "line": 1,
      "confidence": 1.0,
      "confidence_tier": "EXTRACTED"
    },
    {
      "id": 8290,
      "kind": "IMPORTS_FROM",
      "source": "C:/projects/graphifyrebuild/crg/sandbox-flask/tests/type_check/typing_route.py",
      "target": "C:/projects/graphifyrebuild/crg/sandbox-flask/src/flask/templating.py",
      "file_path": "C:/projects/graphifyrebuild/crg/sandbox-flask/tests/type_check/typing_route.py",
      "line": 9,
      "confidence": 1.0,
      "confidence_tier": "EXTRACTED"
    }
  ],
  "truncated": false,
  "total_impacted": 17,
  "nodes_omitted": 0,
  "context_savings": {
    "estimated": true,
    "saved_tokens": 2423,
    "saved_percent": 14
  },
  "_graph": {
    "updated_at": "2026-09-01T11:03:11",
    "age_seconds": 153,
    "built_at_sha": "d318b683471101618febed18996405ad26462110",
    "built_on_branch": "main",
    "head_sha": "d318b683471101618febed18996405ad26462110",
    "head_matches_build": true
  }
}

===== query_graph_tool (callers_of Flask) =====
{
  "status": "ambiguous",
  "summary": "'Flask' matches 1447 node(s). Re-run with a qualified_name from disambiguation.",
  "candidates": [
    {
      "id": 1,
      "kind": "File",
      "name": "C:/projects/graphifyrebuild/crg/sandbox-flask/.devcontainer/on-create-command.sh",
      "qualified_name": "C:/projects/graphifyrebuild/crg/sandbox-flask/.devcontainer/on-create-command.sh",
      "file_path": "C:/projects/graphifyrebuild/crg/sandbox-flask/.devcontainer/on-create-command.sh",
      "line_start": 1,
      "line_end": 8,
      "language": "bash",
      "parent_name": null,
      "is_test": false
    },
    {
      "id": 2,
      "kind": "File",
      "name": "C:/projects/graphifyrebuild/crg/sandbox-flask/docs/conf.py",
      "qualified_name": "C:/projects/graphifyrebuild/crg/sandbox-flask/docs/conf.py",
      "file_path": "C:/projects/graphifyrebuild/crg/sandbox-flask/docs/conf.py",
      "line_start": 1,
      "line_end": 102,
      "language": "python",
      "parent_name": null,
      "is_test": false
    },
    {
      "id": 3,
      "kind": "Function",
      "name": "github_link",
      "qualified_name": "C:/projects/graphifyrebuild/crg/sandbox-flask/docs/conf.py::github_link",
      "file_path": "C:/projects/graphifyrebuild/crg/sandbox-flask/docs/conf.py",
      "line_start": 72,
      "line_end": 97,
      "language": "python",
      "parent_name": null,
      "is_test": false
    },
    {
      "id": 4,
      "kind": "Function",
      "name": "setup",
      "qualified_name": "C:/projects/graphifyrebuild/crg/sandbox-flask/docs/conf.py::setup",
      "file_path": "C:/projects/graphifyrebuild/crg/sandbox-flask/docs/conf.py",
      "line_start": 100,
      "line_end": 101,
      "language": "python",
      "parent_name": null,
      "is_test": false
    },
    {
      "id": 5,
      "kind": "File",
      "name": "C:/projects/graphifyrebuild/crg/sandbox-flask/examples/celery/make_celery.py",
      "qualified_name": "C:/projects/graphifyrebuild/crg/sandbox-flask/examples/celery/make_celery.py",
      "file_path": "C:/projects/graphifyrebuild/crg/sandbox-flask/examples/celery/make_celery.py",
      "line_start": 1,
      "line_end": 5,
      "language": "python",
      "parent_name": null,
      "is_test": false
    },
    {
      "id": 6,
      "kind": "File",
      "name": "C:/projects/graphifyrebuild/crg/sandbox-flask/examples/celery/src/task_app/__init__.py",
      "qualified_name": "C:/projects/graphifyrebuild/crg/sandbox-flask/examples/celery/src/task_app/__init__.py",
      "file_path": "C:/projects/graphifyrebuild/crg/sandbox-flask/examples/celery/src/task_app/__init__.py",
      "line_start": 1,
      "line_end": 40,
      "language": "python",
      "parent_name": null,
      "is_test": false
    },
    {
      "id": 10,
      "kind": "Class",
      "name": "FlaskTask",
      "qualified_name": "C:/projects/graphifyrebuild/crg/sandbox-flask/examples/celery/src/task_app/__init__.py::FlaskTask",
      "file_path": "C:/projects/graphifyrebuild/crg/sandbox-flask/examples/celery/src/task_app/__init__.py",
      "line_start": 30,
      "line_end": 33,
      "language": "python",
      "parent_name": null,
      "is_test": false
    },
    {
      "id": 11,
      "kind": "Function",
      "name": "__call__",
      "qualified_name": "C:/projects/graphifyrebuild/crg/sandbox-flask/examples/celery/src/task_app/__init__.py::FlaskTask.__call__",
      "file_path": "C:/projects/graphifyrebuild/crg/sandbox-flask/examples/celery/src/task_app/__init__.py",
      "line_start": 31,
      "line_end": 33,
      "language": "python",
      "parent_name": "FlaskTask",
      "is_test": false
    },
    {
      "id": 9,
      "kind": "Function",
      "name": "celery_init_app",
      "qualified_name": "C:/projects/graphifyrebuild/crg/sandbox-flask/examples/celery/src/task_app/__init__.py::celery_init_app",
      "file_path": "C:/projects/graphifyrebuild/crg/sandbox-flask/examples/celery/src/task_app/__init__.py",
      "line_start": 29,
      "line_end": 39,
      "language": "python",
      "parent_name": null,
      "is_test": false
    },
    {
      "id": 7,
      "kind": "Function",
      "name": "create_app",
      "qualified_name": "C:/projects/graphifyrebuild/crg/sandbox-flask/examples/celery/src/task_app/__init__.py::create_app",
      "file_path": "C:/projects/graphifyrebuild/crg/sandbox-flask/examples/celery/src/task_app/__init__.py",
      "line_start": 7,
      "line_end": 26,
      "language": "python",
      "parent_name": null,
      "is_test": false
    },
    {
      "id": 8,
      "kind": "Function",
      "name": "index",
      "qualified_name": "C:/projects/graphifyrebuild/crg/sandbox-flask/examples/celery/src/task_app/__init__.py::index",
      "file_path": "C:/projects/graphifyrebuild/crg/sandbox-flask/examples/celery/src/task_app/__init__.py",
      "line_start": 20,
      "line_end": 21,
      "language": "python",
      "parent_name": null,
      "is_test": false
    },
    {
      "id": 12,
      "kind": "File",
      "name": "C:/projects/graphifyrebuild/crg/sandbox-flask/examples/celery/src/task_app/tasks.py",
      "qualified_name": "C:/projects/graphifyrebuild/crg/sandbox-flask/examples/celery/src/task_app/tasks.py",
      "file_path": "C:/projects/graphifyrebuild/crg/sandbox-flask/examples/celery/src/task_app/tasks.py",
      "line_start": 1,
      "line_end": 24,
      "language": "python",
      "parent_name": null,
      "is_test": false
    },
    {
      "id": 13,
      "kind": "Function",
      "name": "add",
      "qualified_name": "C:/projects/graphifyrebuild/crg/sandbox-flask/examples/celery/src/task_app/tasks.py::add",
      "file_path": "C:/projects/graphifyrebuild/crg/sandbox-flask/examples/celery/src/task_app/tasks.py",
      "line_start": 8,
      "line_end": 9,
      "language": "python",
      "parent_name": null,
      "is_test": false
    },
    {
      "id": 14,
      "kind": "Function",
      "name": "block",
      "qualified_name": "C:/projects/graphifyrebuild/crg/sandbox-flask/examples/celery/src/task_app/tasks.py::block",
      "file_path": "C:/projects/graphifyrebuild/crg/sandbox-flask/examples/celery/src/task_app/tasks.py",
      "line_start": 13,
      "line_end": 14,
      "language": "python",
      "parent_name": null,
      "is_test": false
    },
    {
      "id": 15,
      "kind": "Function",
      "name": "process",
      "qualified_name": "C:/projects/graphifyrebuild/crg/sandbox-flask/examples/celery/src/task_app/tasks.py::process",
      "file_path": "C:/projects/graphifyrebuild/crg/sandbox-flask/examples/celery/src/task_app/tasks.py",
      "line_start": 18,
      "line_end": 23,
      "language": "python",
      "parent_name": null,
      "is_test": false
    },
    {
      "id": 16,
      "kind": "File",
      "name": "C:/projects/graphifyrebuild/crg/sandbox-flask/examples/celery/src/task_app/views.py",
      "qualified_name": "C:/projects/graphifyrebuild/crg/sandbox-flask/examples/celery/src/task_app/views.py",
      "file_path": "C:/projects/graphifyrebuild/crg/sandbox-flask/examples/celery/src/task_app/views.py",
      "line_start": 1,
      "line_end": 39,
      "language": "python",
      "parent_name": null,
      "is_test": false
    },
    {
      "id": 18,
      "kind": "Function",
      "name": "add",
      "qualified_name": "C:/projects/graphifyrebuild/crg/sandbox-flask/examples/celery/src/task_app/views.py::add",
      "file_path": "C:/projects/graphifyrebuild/crg/sandbox-flask/examples/celery/src/task_app/views.py",
      "line_start": 22,
      "line_end": 26,
      "language": "python",
      "parent_name": null,
      "is_test": false
    },
    {
      "id": 19,
      "kind": "Function",
      "name": "block",
      "qualified_name": "C:/projects/graphifyrebuild/crg/sandbox-flask/examples/celery/src/task_app/views.py::block",
      "file_path": "C:/projects/graphifyrebuild/crg/sandbox-flask/examples/celery/src/task_app/views.py",
      "line_start": 30,
      "line_end": 32,
      "language": "python",
      "parent_name": null,
      "is_test": false
    },
    {
      "id": 20,
      "kind": "Function",
      "name": "process",
      "qualified_name": "C:/projects/graphifyrebuild/crg/sandbox-flask/examples/celery/src/task_app/views.py::process",
      "file_path": "C:/projects/graphifyrebuild/crg/sandbox-flask/examples/celery/src/task_app/views.py",
      "line_start": 36,
      "line_end": 38,
      "language": "python",
      "parent_name": null,
      "is_test": false
    },
    {
      "id": 17,
      "kind": "Function",
      "name": "result",
      "qualified_name": "C:/projects/graphifyrebuild/crg/sandbox-flask/examples/celery/src/task_app/views.py::result",
      "file_path": "C:/projects/graphifyrebuild/crg/sandbox-flask/examples/celery/src/task_app/views.py",
      "line_start": 11,
      "line_end": 18,
      "language": "python",
      "parent_name": null,
      "is_test": false
    }
  ],
  "disambiguation": [
    {
      "id": 1,
      "kind": "File",
      "name": "C:/projects/graphifyrebuild/crg/sandbox-flask/.devcontainer/on-create-command.sh",
      "qualified_name": "C:/projects/graphifyrebuild/crg/sandbox-flask/.devcontainer/on-create-command.sh",
      "file_path": "C:/projects/graphifyrebuild/crg/sandbox-flask/.devcontainer/on-create-command.sh",
      "line_start": 1,
      "line_end": 8,
      "language": "bash",
      "parent_name": null,
      "is_test": false
    },
    {
      "id": 2,
      "kind": "File",
      "name": "C:/projects/graphifyrebuild/crg/sandbox-flask/docs/conf.py",
      "qualified_name": "C:/projects/graphifyrebuild/crg/sandbox-flask/docs/conf.py",
      "file_path": "C:/projects/graphifyrebuild/crg/sandbox-flask/docs/conf.py",
      "line_start": 1,
      "line_end": 102,
      "language": "python",
      "parent_name": null,
      "is_test": false
    },
    {
      "id": 3,
      "kind": "Function",
      "name": "github_link",
      "qualified_name": "C:/projects/graphifyrebuild/crg/sandbox-flask/docs/conf.py::github_link",
      "file_path": "C:/projects/graphifyrebuild/crg/sandbox-flask/docs/conf.py",
      "line_start": 72,
      "line_end": 97,
      "language": "python",
      "parent_name": null,
      "is_test": false
    },
    {
      "id": 4,
      "kind": "Function",
      "name": "setup",
      "qualified_name": "C:/projects/graphifyrebuild/crg/sandbox-flask/docs/conf.py::setup",
      "file_path": "C:/projects/graphifyrebuild/crg/sandbox-flask/docs/conf.py",
      "line_start": 100,
      "line_end": 101,
      "language": "python",
      "parent_name": null,
      "is_test": false
    },
    {
      "id": 5,
      "kind": "File",
      "name": "C:/projects/graphifyrebuild/crg/sandbox-flask/examples/celery/make_celery.py",
      "qualified_name": "C:/projects/graphifyrebuild/crg/sandbox-flask/examples/celery/make_celery.py",
      "file_path": "C:/projects/graphifyrebuild/crg/sandbox-flask/examples/celery/make_celery.py",
      "line_start": 1,
      "line_end": 5,
      "language": "python",
      "parent_name": null,
      "is_test": false
    },
    {
      "id": 6,
      "kind": "File",
      "name": "C:/projects/graphifyrebuild/crg/sandbox-flask/examples/celery/src/task_app/__init__.py",
      "qualified_name": "C:/projects/graphifyrebuild/crg/sandbox-flask/examples/celery/src/task_app/__init__.py",
      "file_path": "C:/projects/graphifyrebuild/crg/sandbox-flask/examples/celery/src/task_app/__init__.py",
      "line_start": 1,
      "line_end": 40,
      "language": "python",
      "parent_name": null,
      "is_test": false
    },
    {
      "id": 10,
      "kind": "Class",
      "name": "FlaskTask",
      "qualified_name": "C:/projects/graphifyrebuild/crg/sandbox-flask/examples/celery/src/task_app/__init__.py::FlaskTask",
      "file_path": "C:/projects/graphifyrebuild/crg/sandbox-flask/examples/celery/src/task_app/__init__.py",
      "line_start": 30,
      "line_end": 33,
      "language": "python",
      "parent_name": null,
      "is_test": false
    },
    {
      "id": 11,
      "kind": "Function",
      "name": "__call__",
      "qualified_name": "C:/projects/graphifyrebuild/crg/sandbox-flask/examples/celery/src/task_app/__init__.py::FlaskTask.__call__",
      "file_path": "C:/projects/graphifyrebuild/crg/sandbox-flask/examples/celery/src/task_app/__init__.py",
      "line_start": 31,
      "line_end": 33,
      "language": "python",
      "parent_name": "FlaskTask",
      "is_test": false
    },
    {
      "id": 9,
      "kind": "Function",
      "name": "celery_init_app",
      "qualified_name": "C:/projects/graphifyrebuild/crg/sandbox-flask/examples/celery/src/task_app/__init__.py::celery_init_app",
      "file_path": "C:/projects/graphifyrebuild/crg/sandbox-flask/examples/celery/src/task_app/__init__.py",
      "line_start": 29,
      "line_end": 39,
      "language": "python",
      "parent_name": null,
      "is_test": false
    },
    {
      "id": 7,
      "kind": "Function",
      "name": "create_app",
      "qualified_name": "C:/projects/graphifyrebuild/crg/sandbox-flask/examples/celery/src/task_app/__init__.py::create_app",
      "file_path": "C:/projects/graphifyrebuild/crg/sandbox-flask/examples/celery/src/task_app/__init__.py",
      "line_start": 7,
      "line_end": 26,
      "language": "python",
      "parent_name": null,
      "is_test": false
    },
    {
      "id": 8,
      "kind": "Function",
      "name": "index",
      "qualified_name": "C:/projects/graphifyrebuild/crg/sandbox-flask/examples/celery/src/task_app/__init__.py::index",
      "file_path": "C:/projects/graphifyrebuild/crg/sandbox-flask/examples/celery/src/task_app/__init__.py",
      "line_start": 20,
      "line_end": 21,
      "language": "python",
      "parent_name": null,
      "is_test": false
    },
    {
      "id": 12,
      "kind": "File",
      "name": "C:/projects/graphifyrebuild/crg/sandbox-flask/examples/celery/src/task_app/tasks.py",
      "qualified_name": "C:/projects/graphifyrebuild/crg/sandbox-flask/examples/celery/src/task_app/tasks.py",
      "file_path": "C:/projects/graphifyrebuild/crg/sandbox-flask/examples/celery/src/task_app/tasks.py",
      "line_start": 1,
      "line_end": 24,
      "language": "python",
      "parent_name": null,
      "is_test": false
    },
    {
      "id": 13,
      "kind": "Function",
      "name": "add",
      "qualified_name": "C:/projects/graphifyrebuild/crg/sandbox-flask/examples/celery/src/task_app/tasks.py::add",
      "file_path": "C:/projects/graphifyrebuild/crg/sandbox-flask/examples/celery/src/task_app/tasks.py",
      "line_start": 8,
      "line_end": 9,
      "language": "python",
      "parent_name": null,
      "is_test": false
    },
    {
      "id": 14,
      "kind": "Function",
      "name": "block",
      "qualified_name": "C:/projects/graphifyrebuild/crg/sandbox-flask/examples/celery/src/task_app/tasks.py::block",
      "file_path": "C:/projects/graphifyrebuild/crg/sandbox-flask/examples/celery/src/task_app/tasks.py",
      "line_start": 13,
      "line_end": 14,
      "language": "python",
      "parent_name": null,
      "is_test": false
    },
    {
      "id": 15,
      "kind": "Function",
      "name": "process",
      "qualified_name": "C:/projects/graphifyrebuild/crg/sandbox-flask/examples/celery/src/task_app/tasks.py::process",
      "file_path": "C:/projects/graphifyrebuild/crg/sandbox-flask/examples/celery/src/task_app/tasks.py",
      "line_start": 18,
      "line_end": 23,
      "language": "python",
      "parent_name": null,
      "is_test": false
    },
    {
      "id": 16,
      "kind": "File",
      "name": "C:/projects/graphifyrebuild/crg/sandbox-flask/examples/celery/src/task_app/views.py",
      "qualified_name": "C:/projects/graphifyrebuild/crg/sandbox-flask/examples/celery/src/task_app/views.py",
      "file_path": "C:/projects/graphifyrebuild/crg/sandbox-flask/examples/celery/src/task_app/views.py",
      "line_start": 1,
      "line_end": 39,
      "language": "python",
      "parent_name": null,
      "is_test": false
    },
    {
      "id": 18,
      "kind": "Function",
      "name": "add",
      "qualified_name": "C:/projects/graphifyrebuild/crg/sandbox-flask/examples/celery/src/task_app/views.py::add",
      "file_path": "C:/projects/graphifyrebuild/crg/sandbox-flask/examples/celery/src/task_app/views.py",
      "line_start": 22,
      "line_end": 26,
      "language": "python",
      "parent_name": null,
      "is_test": false
    },
    {
      "id": 19,
      "kind": "Function",
      "name": "block",
      "qualified_name": "C:/projects/graphifyrebuild/crg/sandbox-flask/examples/celery/src/task_app/views.py::block",
      "file_path": "C:/projects/graphifyrebuild/crg/sandbox-flask/examples/celery/src/task_app/views.py",
      "line_start": 30,
      "line_end": 32,
      "language": "python",
      "parent_name": null,
      "is_test": false
    },
    {
      "id": 20,
      "kind": "Function",
      "name": "process",
      "qualified_name": "C:/projects/graphifyrebuild/crg/sandbox-flask/examples/celery/src/task_app/views.py::process",
      "file_path": "C:/projects/graphifyrebuild/crg/sandbox-flask/examples/celery/src/task_app/views.py",
      "line_start": 36,
      "line_end": 38,
      "language": "python",
      "parent_name": null,
      "is_test": false
    },
    {
      "id": 17,
      "kind": "Function",
      "name": "result",
      "qualified_name": "C:/projects/graphifyrebuild/crg/sandbox-flask/examples/celery/src/task_app/views.py::result",
      "file_path": "C:/projects/graphifyrebuild/crg/sandbox-flask/examples/celery/src/task_app/views.py",
      "line_start": 11,
      "line_end": 18,
      "language": "python",
      "parent_name": null,
      "is_test": false
    }
  ],
  "candidate_count": 1447,
  "candidates_truncated": true,
  "hint": "Use a qualified_name from disambiguation as the target parameter.",
  "_graph": {
    "updated_at": "2026-09-01T11:03:11",
    "age_seconds": 154,
    "built_at_sha": "d318b683471101618febed18996405ad26462110",
    "built_on_branch": "main",
    "head_sha": "d318b683471101618febed18996405ad26462110",
    "head_matches_build": true
  }
}

===== get_knowledge_gaps_tool (untested hotspots, filtered to 'Flask') =====
{
  "symbol_flagged_untested": false,
  "matching_entries": [],
  "total_untested_hotspots": 0
}

===== get_review_context_tool (agent context blob) =====
{
  "status": "ok",
  "summary": "Review context for 1 changed file(s):\n  - 41 directly changed nodes\n  - 17 impacted nodes in 11 files\n\nReview guidance:\n- 35 changed function(s) lack test coverage: __call__, __init__, __init_subclass__, app_context, async_to_sync\n- Changes impact 11 other files. Consider splitting into smaller PRs.",
  "context": {
    "changed_files": [
      "src/flask/app.py"
    ],
    "changed_files_total": 1,
    "impacted_files": [
      "C:/projects/graphifyrebuild/crg/sandbox-flask/src/flask/sansio/app.py",
      "C:/projects/graphifyrebuild/crg/sandbox-flask/tests/type_check/typing_route.py",
      "C:/projects/graphifyrebuild/crg/sandbox-flask/tests/test_templating.py",
      "C:/projects/graphifyrebuild/crg/sandbox-flask/tests/test_basic.py",
      "C:/projects/graphifyrebuild/crg/sandbox-flask/tests/test_logging.py",
      "C:/projects/graphifyrebuild/crg/sandbox-flask/src/flask/templating.py",
      "C:/projects/graphifyrebuild/crg/sandbox-flask/src/flask/logging.py",
      "C:/projects/graphifyrebuild/crg/sandbox-flask/src/flask/config.py",
      "C:/projects/graphifyrebuild/crg/sandbox-flask/tests/test_json.py",
      "C:/projects/graphifyrebuild/crg/sandbox-flask/src/flask/json/provider.py",
      "C:/projects/graphifyrebuild/crg/sandbox-flask/src/flask/debughelpers.py"
    ],
    "impacted_files_total": 11,
    "graph": {
      "changed_nodes": [
        {
          "id": 92,
          "kind": "File",
          "name": "C:/projects/graphifyrebuild/crg/sandbox-flask/src/flask/app.py",
          "qualified_name": "C:/projects/graphifyrebuild/crg/sandbox-flask/src/flask/app.py",
          "file_path": "C:/projects/graphifyrebuild/crg/sandbox-flask/src/flask/app.py",
          "line_start": 1,
          "line_end": 1629,
          "language": "python",
          "parent_name": null,
          "is_test": false
        },
        {
          "id": 98,
          "kind": "Class",
          "name": "Flask",
          "qualified_name": "C:/projects/graphifyrebuild/crg/sandbox-flask/src/flask/app.py::Flask",
          "file_path": "C:/projects/graphifyrebuild/crg/sandbox-flask/src/flask/app.py",
          "line_start": 110,
          "line_end": 1628,
          "language": "python",
          "parent_name": null,
          "is_test": false
        },
        {
          "id": 133,
          "kind": "Function",
          "name": "__call__",
          "qualified_name": "C:/projects/graphifyrebuild/crg/sandbox-flask/src/flask/app.py::Flask.__call__",
          "file_path": "C:/projects/graphifyrebuild/crg/sandbox-flask/src/flask/app.py",
          "line_start": 1621,
          "line_end": 1628,
          "language": "python",
          "parent_name": "Flask",
          "is_test": false
        },
        {
          "id": 100,
          "kind": "Function",
          "name": "__init__",
          "qualified_name": "C:/projects/graphifyrebuild/crg/sandbox-flask/src/flask/app.py::Flask.__init__",
          "file_path": "C:/projects/graphifyrebuild/crg/sandbox-flask/src/flask/app.py",
          "line_start": 311,
          "line_end": 364,
          "language": "python",
          "parent_name": "Flask",
          "is_test": false
        },
        {
          "id": 99,
          "kind": "Function",
          "name": "__init_subclass__",
          "qualified_name": "C:/projects/graphifyrebuild/crg/sandbox-flask/src/flask/app.py::Flask.__init_subclass__",
          "file_path": "C:/projects/graphifyrebuild/crg/sandbox-flask/src/flask/app.py",
          "line_start": 255,
          "line_end": 309,
          "language": "python",
          "parent_name": "Flask",
          "is_test": false
        },
        {
          "id": 129,
          "kind": "Function",
          "name": "app_context",
          "qualified_name": "C:/projects/graphifyrebuild/crg/sandbox-flask/src/flask/app.py::Flask.app_context",
          "file_path": "C:/projects/graphifyrebuild/crg/sandbox-flask/src/flask/app.py",
          "line_start": 1484,
          "line_end": 1502,
          "language": "python",
          "parent_name": "Flask",
          "is_test": false
        },
        {
          "id": 122,
          "kind": "Function",
          "name": "async_to_sync",
          "qualified_name": "C:/projects/graphifyrebuild/crg/sandbox-flask/src/flask/app.py::Flask.async_to_sync",
          "file_path": "C:/projects/graphifyrebuild/crg/sandbox-flask/src/flask/app.py",
          "line_start": 1082,
          "line_end": 1103,
          "language": "python",
          "parent_name": "Flask",
          "is_test": false
        },
        {
          "id": 105,
          "kind": "Function",
          "name": "create_jinja_environment",
          "qualified_name": "C:/projects/graphifyrebuild/crg/sandbox-flask/src/flask/app.py::Flask.create_jinja_environment",
          "file_path": "C:/projects/graphifyrebuild/crg/sandbox-flask/src/flask/app.py",
          "line_start": 470,
          "line_end": 508,
          "language": "python",
          "parent_name": "Flask",
          "is_test": false
        },
        {
          "id": 106,
          "kind": "Function",
          "name": "create_url_adapter",
          "qualified_name": "C:/projects/graphifyrebuild/crg/sandbox-flask/src/flask/app.py::Flask.create_url_adapter",
          "file_path": "C:/projects/graphifyrebuild/crg/sandbox-flask/src/flask/app.py",
          "line_start": 510,
          "line_end": 561,
          "language": "python",
          "parent_name": "Flask",
          "is_test": false
        },
        {
          "id": 117,
          "kind": "Function",
          "name": "dispatch_request",
          "qualified_name": "C:/projects/graphifyrebuild/crg/sandbox-flask/src/flask/app.py::Flask.dispatch_request",
          "file_path": "C:/projects/graphifyrebuild/crg/sandbox-flask/src/flask/app.py",
          "line_start": 969,
          "line_end": 993,
          "language": "python",
          "parent_name": "Flask",
          "is_test": false
        },
        {
          "id": 128,
          "kind": "Function",
          "name": "do_teardown_appcontext",
          "qualified_name": "C:/projects/graphifyrebuild/crg/sandbox-flask/src/flask/app.py::Flask.do_teardown_appcontext",
          "file_path": "C:/projects/graphifyrebuild/crg/sandbox-flask/src/flask/app.py",
          "line_start": 1456,
          "line_end": 1482,
          "language": "python",
          "parent_name": "Flask",
          "is_test": false
        },
        {
          "id": 127,
          "kind": "Function",
          "name": "do_teardown_request",
          "qualified_name": "C:/projects/graphifyrebuild/crg/sandbox-flask/src/flask/app.py::Flask.do_teardown_request",
          "file_path": "C:/projects/graphifyrebuild/crg/sandbox-flask/src/flask/app.py",
          "line_start": 1423,
          "line_end": 1454,
          "language": "python",
          "parent_name": "Flask",
          "is_test": false
        },
        {
          "id": 121,
          "kind": "Function",
          "name": "ensure_sync",
          "qualified_name": "C:/projects/graphifyrebuild/crg/sandbox-flask/src/flask/app.py::Flask.ensure_sync",
          "file_path": "C:/projects/graphifyrebuild/crg/sandbox-flask/src/flask/app.py",
          "line_start": 1068,
          "line_end": 1080,
          "language": "python",
          "parent_name": "Flask",
          "is_test": false
        },
        {
          "id": 119,
          "kind": "Function",
          "name": "finalize_request",
          "qualified_name": "C:/projects/graphifyrebuild/crg/sandbox-flask/src/flask/app.py::Flask.finalize_request",
          "file_path": "C:/projects/graphifyrebuild/crg/sandbox-flask/src/flask/app.py",
          "line_start": 1024,
          "line_end": 1054,
          "language": "python",
          "parent_name": "Flask",
          "is_test": false
        },
        {
          "id": 118,
          "kind": "Function",
          "name": "full_dispatch_request",
          "qualified_name": "C:/projects/graphifyrebuild/crg/sandbox-flask/src/flask/app.py::Flask.full_dispatch_request",
          "file_path": "C:/projects/graphifyrebuild/crg/sandbox-flask/src/flask/app.py",
          "line_start": 995,
          "line_end": 1022,
          "language": "python",
          "parent_name": "Flask",
          "is_test": false
        },
        {
          "id": 101,
          "kind": "Function",
          "name": "get_send_file_max_age",
          "qualified_name": "C:/projects/graphifyrebuild/crg/sandbox-flask/src/flask/app.py::Flask.get_send_file_max_age",
          "file_path": "C:/projects/graphifyrebuild/crg/sandbox-flask/src/flask/app.py",
          "line_start": 366,
          "line_end": 391,
          "language": "python",
          "parent_name": "Flask",
          "is_test": false
        },
        {
          "id": 115,
          "kind": "Function",
          "name": "handle_exception",
          "qualified_name": "C:/projects/graphifyrebuild/crg/sandbox-flask/src/flask/app.py::Flask.handle_exception",
          "file_path": "C:/projects/graphifyrebuild/crg/sandbox-flask/src/flask/app.py",
          "line_start": 900,
          "line_end": 951,
          "language": "python",
          "parent_name": "Flask",
          "is_test": false
        },
        {
          "id": 113,
          "kind": "Function",
          "name": "handle_http_exception",
          "qualified_name": "C:/projects/graphifyrebuild/crg/sandbox-flask/src/flask/app.py::Flask.handle_http_exception",
          "file_path": "C:/projects/graphifyrebuild/crg/sandbox-flask/src/flask/app.py",
          "line_start": 833,
          "line_end": 866,
          "language": "python",
          "parent_name": "Flask",
          "is_test": false
        },
        {
          "id": 114,
          "kind": "Function",
          "name": "handle_user_exception",
          "qualified_name": "C:/projects/graphifyrebuild/crg/sandbox-flask/src/flask/app.py::Flask.handle_user_exception",
          "file_path": "C:/projects/graphifyrebuild/crg/sandbox-flask/src/flask/app.py",
          "line_start": 868,
          "line_end": 898,
          "language": "python",
          "parent_name": "Flask",
          "is_test": false
        },
        {
          "id": 116,
          "kind": "Function",
          "name": "log_exception",
          "qualified_name": "C:/projects/graphifyrebuild/crg/sandbox-flask/src/flask/app.py::Flask.log_exception",
          "file_path": "C:/projects/graphifyrebuild/crg/sandbox-flask/src/flask/app.py",
          "line_start": 953,
          "line_end": 967,
          "language": "python",
          "parent_name": "Flask",
          "is_test": false
        },
        {
          "id": 120,
          "kind": "Function",
          "name": "make_default_options_response",
          "qualified_name": "C:/projects/graphifyrebuild/crg/sandbox-flask/src/flask/app.py::Flask.make_default_options_response",
          "file_path": "C:/projects/graphifyrebuild/crg/sandbox-flask/src/flask/app.py",
          "line_start": 1056,
          "line_end": 1066,
          "language": "python",
          "parent_name": "Flask",
          "is_test": false
        },
        {
          "id": 124,
          "kind": "Function",
          "name": "make_response",
          "qualified_name": "C:/projects/graphifyrebuild/crg/sandbox-flask/src/flask/app.py::Flask.make_response",
          "file_path": "C:/projects/graphifyrebuild/crg/sandbox-flask/src/flask/app.py",
          "line_start": 1227,
          "line_end": 1367,
          "language": "python",
          "parent_name": "Flask",
          "is_test": false
        },
        {
          "id": 109,
          "kind": "Function",
          "name": "make_shell_context",
          "qualified_name": "C:/projects/graphifyrebuild/crg/sandbox-flask/src/flask/app.py::Flask.make_shell_context",
          "file_path": "C:/projects/graphifyrebuild/crg/sandbox-flask/src/flask/app.py",
          "line_start": 621,
          "line_end": 631,
          "language": "python",
          "parent_name": "Flask",
          "is_test": false
        },
        {
          "id": 104,
          "kind": "Function",
          "name": "open_instance_resource",
          "qualified_name": "C:/projects/graphifyrebuild/crg/sandbox-flask/src/flask/app.py::Flask.open_instance_resource",
          "file_path": "C:/projects/graphifyrebuild/crg/sandbox-flask/src/flask/app.py",
          "line_start": 448,
          "line_end": 468,
          "language": "python",
          "parent_name": "Flask",
          "is_test": false
        },
        {
          "id": 103,
          "kind": "Function",
          "name": "open_resource",
          "qualified_name": "C:/projects/graphifyrebuild/crg/sandbox-flask/src/flask/app.py::Flask.open_resource",
          "file_path": "C:/projects/graphifyrebuild/crg/sandbox-flask/src/flask/app.py",
          "line_start": 415,
          "line_end": 446,
          "language": "python",
          "parent_name": "Flask",
          "is_test": false
        },
        {
          "id": 125,
          "kind": "Function",
          "name": "preprocess_request",
          "qualified_name": "C:/projects/graphifyrebuild/crg/sandbox-flask/src/flask/app.py::Flask.preprocess_request",
          "file_path": "C:/projects/graphifyrebuild/crg/sandbox-flask/src/flask/app.py",
          "line_start": 1369,
          "line_end": 1395,
          "language": "python",
          "parent_name": "Flask",
          "is_test": false
        },
        {
          "id": 126,
          "kind": "Function",
          "name": "process_response",
          "qualified_name": "C:/projects/graphifyrebuild/crg/sandbox-flask/src/flask/app.py::Flask.process_response",
          "file_path": "C:/projects/graphifyrebuild/crg/sandbox-flask/src/flask/app.py",
          "line_start": 1397,
          "line_end": 1421,
          "language": "python",
          "parent_name": "Flask",
          "is_test": false
        },
        {
          "id": 107,
          "kind": "Function",
          "name": "raise_routing_exception",
          "qualified_name": "C:/projects/graphifyrebuild/crg/sandbox-flask/src/flask/app.py::Flask.raise_routing_exception",
          "file_path": "C:/projects/graphifyrebuild/crg/sandbox-flask/src/flask/app.py",
          "line_start": 563,
          "line_end": 589,
          "language": "python",
          "parent_name": "Flask",
          "is_test": false
        },
        {
          "id": 130,
          "kind": "Function",
          "name": "request_context",
          "qualified_name": "C:/projects/graphifyrebuild/crg/sandbox-flask/src/flask/app.py::Flask.request_context",
          "file_path": "C:/projects/graphifyrebuild/crg/sandbox-flask/src/flask/app.py",
          "line_start": 1504,
          "line_end": 1518,
          "language": "python",
          "parent_name": "Flask",
          "is_test": false
        },
        {
          "id": 110,
          "kind": "Function",
          "name": "run",
          "qualified_name": "C:/projects/graphifyrebuild/crg/sandbox-flask/src/flask/app.py::Flask.run",
          "file_path": "C:/projects/graphifyrebuild/crg/sandbox-flask/src/flask/app.py",
          "line_start": 633,
          "line_end": 756,
          "language": "python",
          "parent_name": "Flask",
          "is_test": false
        },
        {
          "id": 102,
          "kind": "Function",
          "name": "send_static_file",
          "qualified_name": "C:/projects/graphifyrebuild/crg/sandbox-flask/src/flask/app.py::Flask.send_static_file",
          "file_path": "C:/projects/graphifyrebuild/crg/sandbox-flask/src/flask/app.py",
          "line_start": 393,
          "line_end": 413,
          "language": "python",
          "parent_name": "Flask",
          "is_test": false
        },
        {
          "id": 112,
          "kind": "Test",
          "name": "test_cli_runner",
          "qualified_name": "C:/projects/graphifyrebuild/crg/sandbox-flask/src/flask/app.py::Flask.test_cli_runner",
          "file_path": "C:/projects/graphifyrebuild/crg/sandbox-flask/src/flask/app.py",
          "line_start": 816,
          "line_end": 831,
          "language": "python",
          "parent_name": "Flask",
          "is_test": true
        },
        {
          "id": 111,
          "kind": "Test",
          "name": "test_client",
          "qualified_name": "C:/projects/graphifyrebuild/crg/sandbox-flask/src/flask/app.py::Flask.test_client",
          "file_path": "C:/projects/graphifyrebuild/crg/sandbox-flask/src/flask/app.py",
          "line_start": 758,
          "line_end": 814,
          "language": "python",
          "parent_name": "Flask",
          "is_test": true
        },
        {
          "id": 131,
          "kind": "Test",
          "name": "test_request_context",
          "qualified_name": "C:/projects/graphifyrebuild/crg/sandbox-flask/src/flask/app.py::Flask.test_request_context",
          "file_path": "C:/projects/graphifyrebuild/crg/sandbox-flask/src/flask/app.py",
          "line_start": 1520,
          "line_end": 1567,
          "language": "python",
          "parent_name": "Flask",
          "is_test": true
        },
        {
          "id": 108,
          "kind": "Function",
          "name": "update_template_context",
          "qualified_name": "C:/projects/graphifyrebuild/crg/sandbox-flask/src/flask/app.py::Flask.update_template_context",
          "file_path": "C:/projects/graphifyrebuild/crg/sandbox-flask/src/flask/app.py",
          "line_start": 591,
          "line_end": 619,
          "language": "python",
          "parent_name": "Flask",
          "is_test": false
        },
        {
          "id": 123,
          "kind": "Function",
          "name": "url_for",
          "qualified_name": "C:/projects/graphifyrebuild/crg/sandbox-flask/src/flask/app.py::Flask.url_for",
          "file_path": "C:/projects/graphifyrebuild/crg/sandbox-flask/src/flask/app.py",
          "line_start": 1105,
          "line_end": 1225,
          "language": "python",
          "parent_name": "Flask",
          "is_test": false
        },
        {
          "id": 132,
          "kind": "Function",
          "name": "wsgi_app",
          "qualified_name": "C:/projects/graphifyrebuild/crg/sandbox-flask/src/flask/app.py::Flask.wsgi_app",
          "file_path": "C:/projects/graphifyrebuild/crg/sandbox-flask/src/flask/app.py",
          "line_start": 1569,
          "line_end": 1619,
          "language": "python",
          "parent_name": "Flask",
          "is_test": false
        },
        {
          "id": 93,
          "kind": "Function",
          "name": "_make_timedelta",
          "qualified_name": "C:/projects/graphifyrebuild/crg/sandbox-flask/src/flask/app.py::_make_timedelta",
          "file_path": "C:/projects/graphifyrebuild/crg/sandbox-flask/src/flask/app.py",
          "line_start": 74,
          "line_end": 78,
          "language": "python",
          "parent_name": null,
          "is_test": false
        },
        {
          "id": 96,
          "kind": "Function",
          "name": "add_ctx",
          "qualified_name": "C:/projects/graphifyrebuild/crg/sandbox-flask/src/flask/app.py::add_ctx",
          "file_path": "C:/projects/graphifyrebuild/crg/sandbox-flask/src/flask/app.py",
          "line_start": 98,
          "line_end": 107,
          "language": "python",
          "parent_name": null,
          "is_test": false
        },
        {
          "id": 94,
          "kind": "Function",
          "name": "remove_ctx",
          "qualified_name": "C:/projects/graphifyrebuild/crg/sandbox-flask/src/flask/app.py::remove_ctx",
          "file_path": "C:/projects/graphifyrebuild/crg/sandbox-flask/src/flask/app.py",
          "line_start": 86,
          "line_end": 93,
          "language": "python",
          "parent_name": null,
          "is_test": false
        },
        {
          "id": 95,
          "kind": "Function",
          "name": "wrapper",
          "qualified_name": "C:/projects/graphifyrebuild/crg/sandbox-flask/src/flask/app.py::wrapper",
          "file_path": "C:/projects/graphifyrebuild/crg/sandbox-flask/src/flask/app.py",
          "line_start": 99,
          "line_end": 105,
          "language": "python",
          "parent_name": null,
          "is_test": false
        }
      ],
      "changed_nodes_total": 41,
      "impacted_nodes": [
        {
          "id": 508,
          "kind": "Function",
          "name": "_render",
          "qualified_name": "C:/projects/graphifyrebuild/crg/sandbox-flask/src/flask/templating.py::_render",
          "file_path": "C:/projects/graphifyrebuild/crg/sandbox-flask/src/flask/templating.py",
          "line_start": 123,
          "line_end": 133,
          "language": "python",
          "parent_name": null,
          "is_test": false
        },
        {
          "id": 511,
          "kind": "Function",
          "name": "_stream",
          "qualified_name": "C:/projects/graphifyrebuild/crg/sandbox-flask/src/flask/templating.py::_stream",
          "file_path": "C:/projects/graphifyrebuild/crg/sandbox-flask/src/flask/templating.py",
          "line_start": 163,
          "line_end": 178,
          "language": "python",
          "parent_name": null,
          "is_test": false
        },
        {
          "id": 509,
          "kind": "Function",
          "name": "render_template",
          "qualified_name": "C:/projects/graphifyrebuild/crg/sandbox-flask/src/flask/templating.py::render_template",
          "file_path": "C:/projects/graphifyrebuild/crg/sandbox-flask/src/flask/templating.py",
          "line_start": 136,
          "line_end": 148,
          "language": "python",
          "parent_name": null,
          "is_test": false
        },
        {
          "id": 510,
          "kind": "Function",
          "name": "render_template_string",
          "qualified_name": "C:/projects/graphifyrebuild/crg/sandbox-flask/src/flask/templating.py::render_template_string",
          "file_path": "C:/projects/graphifyrebuild/crg/sandbox-flask/src/flask/templating.py",
          "line_start": 151,
          "line_end": 160,
          "language": "python",
          "parent_name": null,
          "is_test": false
        },
        {
          "id": 513,
          "kind": "Function",
          "name": "stream_template",
          "qualified_name": "C:/projects/graphifyrebuild/crg/sandbox-flask/src/flask/templating.py::stream_template",
          "file_path": "C:/projects/graphifyrebuild/crg/sandbox-flask/src/flask/templating.py",
          "line_start": 181,
          "line_end": 197,
          "language": "python",
          "parent_name": null,
          "is_test": false
        },
        {
          "id": 514,
          "kind": "Function",
          "name": "stream_template_string",
          "qualified_name": "C:/projects/graphifyrebuild/crg/sandbox-flask/src/flask/templating.py::stream_template_string",
          "file_path": "C:/projects/graphifyrebuild/crg/sandbox-flask/src/flask/templating.py",
          "line_start": 200,
          "line_end": 212,
          "language": "python",
          "parent_name": null,
          "is_test": false
        },
        {
          "id": 183,
          "kind": "File",
          "name": "C:/projects/graphifyrebuild/crg/sandbox-flask/src/flask/config.py",
          "qualified_name": "C:/projects/graphifyrebuild/crg/sandbox-flask/src/flask/config.py",
          "file_path": "C:/projects/graphifyrebuild/crg/sandbox-flask/src/flask/config.py",
          "line_start": 1,
          "line_end": 368,
          "language": "python",
          "parent_name": null,
          "is_test": false
        },
        {
          "id": 231,
          "kind": "File",
          "name": "C:/projects/graphifyrebuild/crg/sandbox-flask/src/flask/debughelpers.py",
          "qualified_name": "C:/projects/graphifyrebuild/crg/sandbox-flask/src/flask/debughelpers.py",
          "file_path": "C:/projects/graphifyrebuild/crg/sandbox-flask/src/flask/debughelpers.py",
          "line_start": 1,
          "line_end": 180,
          "language": "python",
          "parent_name": null,
          "is_test": false
        },
        {
          "id": 283,
          "kind": "File",
          "name": "C:/projects/graphifyrebuild/crg/sandbox-flask/src/flask/json/provider.py",
          "qualified_name": "C:/projects/graphifyrebuild/crg/sandbox-flask/src/flask/json/provider.py",
          "file_path": "C:/projects/graphifyrebuild/crg/sandbox-flask/src/flask/json/provider.py",
          "line_start": 1,
          "line_end": 216,
          "language": "python",
          "parent_name": null,
          "is_test": false
        },
        {
          "id": 342,
          "kind": "File",
          "name": "C:/projects/graphifyrebuild/crg/sandbox-flask/src/flask/logging.py",
          "qualified_name": "C:/projects/graphifyrebuild/crg/sandbox-flask/src/flask/logging.py",
          "file_path": "C:/projects/graphifyrebuild/crg/sandbox-flask/src/flask/logging.py",
          "line_start": 1,
          "line_end": 80,
          "language": "python",
          "parent_name": null,
          "is_test": false
        },
        {
          "id": 497,
          "kind": "File",
          "name": "C:/projects/graphifyrebuild/crg/sandbox-flask/src/flask/templating.py",
          "qualified_name": "C:/projects/graphifyrebuild/crg/sandbox-flask/src/flask/templating.py",
          "file_path": "C:/projects/graphifyrebuild/crg/sandbox-flask/src/flask/templating.py",
          "line_start": 1,
          "line_end": 213,
          "language": "python",
          "parent_name": null,
          "is_test": false
        },
        {
          "id": 346,
          "kind": "File",
          "name": "C:/projects/graphifyrebuild/crg/sandbox-flask/src/flask/sansio/app.py",
          "qualified_name": "C:/projects/graphifyrebuild/crg/sandbox-flask/src/flask/sansio/app.py",
          "file_path": "C:/projects/graphifyrebuild/crg/sandbox-flask/src/flask/sansio/app.py",
          "line_start": 1,
          "line_end": 1014,
          "language": "python",
          "parent_name": null,
          "is_test": false
        },
        {
          "id": 653,
          "kind": "File",
          "name": "C:/projects/graphifyrebuild/crg/sandbox-flask/tests/test_basic.py",
          "qualified_name": "C:/projects/graphifyrebuild/crg/sandbox-flask/tests/test_basic.py",
          "file_path": "C:/projects/graphifyrebuild/crg/sandbox-flask/tests/test_basic.py",
          "line_start": 1,
          "line_end": 1975,
          "language": "python",
          "parent_name": null,
          "is_test": true
        },
        {
          "id": 1269,
          "kind": "File",
          "name": "C:/projects/graphifyrebuild/crg/sandbox-flask/tests/test_json.py",
          "qualified_name": "C:/projects/graphifyrebuild/crg/sandbox-flask/tests/test_json.py",
          "file_path": "C:/projects/graphifyrebuild/crg/sandbox-flask/tests/test_json.py",
          "line_start": 1,
          "line_end": 347,
          "language": "python",
          "parent_name": null,
          "is_test": true
        },
        {
          "id": 1327,
          "kind": "File",
          "name": "C:/projects/graphifyrebuild/crg/sandbox-flask/tests/test_logging.py",
          "qualified_name": "C:/projects/graphifyrebuild/crg/sandbox-flask/tests/test_logging.py",
          "file_path": "C:/projects/graphifyrebuild/crg/sandbox-flask/tests/test_logging.py",
          "line_start": 1,
          "line_end": 99,
          "language": "python",
          "parent_name": null,
          "is_test": true
        },
        {
          "id": 1420,
          "kind": "File",
          "name": "C:/projects/graphifyrebuild/crg/sandbox-flask/tests/test_templating.py",
          "qualified_name": "C:/projects/graphifyrebuild/crg/sandbox-flask/tests/test_templating.py",
          "file_path": "C:/projects/graphifyrebuild/crg/sandbox-flask/tests/test_templating.py",
          "line_start": 1,
          "line_end": 533,
          "language": "python",
          "parent_name": null,
          "is_test": true
        },
        {
          "id": 1690,
          "kind": "File",
          "name": "C:/projects/graphifyrebuild/crg/sandbox-flask/tests/type_check/typing_route.py",
          "qualified_name": "C:/projects/graphifyrebuild/crg/sandbox-flask/tests/type_check/typing_route.py",
          "file_path": "C:/projects/graphifyrebuild/crg/sandbox-flask/tests/type_check/typing_route.py",
          "line_start": 1,
          "line_end": 113,
          "language": "python",
          "parent_name": null,
          "is_test": true
        }
      ],
      "impacted_nodes_total": 17,
      "edges": [
        {
          "id": 506,
          "kind": "IMPORTS_FROM",
          "source": "C:/projects/graphifyrebuild/crg/sandbox-flask/src/flask/app.py",
          "target": "C:/projects/graphifyrebuild/crg/sandbox-flask/src/flask/app.py",
          "file_path": "C:/projects/graphifyrebuild/crg/sandbox-flask/src/flask/app.py",
          "line": 45,
          "confidence": 1.0,
          "confidence_tier": "EXTRACTED"
        },
        {
          "id": 527,
          "kind": "CONTAINS",
          "source": "C:/projects/graphifyrebuild/crg/sandbox-flask/src/flask/app.py",
          "target": "C:/projects/graphifyrebuild/crg/sandbox-flask/src/flask/app.py::_make_timedelta",
          "file_path": "C:/projects/graphifyrebuild/crg/sandbox-flask/src/flask/app.py",
          "line": 74,
          "confidence": 1.0,
          "confidence_tier": "EXTRACTED"
        },
        {
          "id": 532,
          "kind": "CONTAINS",
          "source": "C:/projects/graphifyrebuild/crg/sandbox-flask/src/flask/app.py",
          "target": "C:/projects/graphifyrebuild/crg/sandbox-flask/src/flask/app.py::remove_ctx",
          "file_path": "C:/projects/graphifyrebuild/crg/sandbox-flask/src/flask/app.py",
          "line": 86,
          "confidence": 1.0,
          "confidence_tier": "EXTRACTED"
        },
        {
          "id": 533,
          "kind": "CONTAINS",
          "source": "C:/projects/graphifyrebuild/crg/sandbox-flask/src/flask/app.py",
          "target": "C:/projects/graphifyrebuild/crg/sandbox-flask/src/flask/app.py::wrapper",
          "file_path": "C:/projects/graphifyrebuild/crg/sandbox-flask/src/flask/app.py",
          "line": 87,
          "confidence": 1.0,
          "confidence_tier": "EXTRACTED"
        },
        {
          "id": 537,
          "kind": "CONTAINS",
          "source": "C:/projects/graphifyrebuild/crg/sandbox-flask/src/flask/app.py",
          "target": "C:/projects/graphifyrebuild/crg/sandbox-flask/src/flask/app.py::add_ctx",
          "file_path": "C:/projects/graphifyrebuild/crg/sandbox-flask/src/flask/app.py",
          "line": 98,
          "confidence": 1.0,
          "confidence_tier": "EXTRACTED"
        },
        {
          "id": 538,
          "kind": "CONTAINS",
          "source": "C:/projects/graphifyrebuild/crg/sandbox-flask/src/flask/app.py",
          "target": "C:/projects/graphifyrebuild/crg/sandbox-flask/src/flask/app.py::wrapper",
          "file_path": "C:/projects/graphifyrebuild/crg/sandbox-flask/src/flask/app.py",
          "line": 99,
          "confidence": 1.0,
          "confidence_tier": "EXTRACTED"
        },
        {
          "id": 544,
          "kind": "CONTAINS",
          "source": "C:/projects/graphifyrebuild/crg/sandbox-flask/src/flask/app.py",
          "target": "C:/projects/graphifyrebuild/crg/sandbox-flask/src/flask/app.py::Flask",
          "file_path": "C:/projects/graphifyrebuild/crg/sandbox-flask/src/flask/app.py",
          "line": 110,
          "confidence": 1.0,
          "confidence_tier": "EXTRACTED"
        },
        {
          "id": 549,
          "kind": "CONTAINS",
          "source": "C:/projects/graphifyrebuild/crg/sandbox-flask/src/flask/app.py::Flask",
          "target": "C:/projects/graphifyrebuild/crg/sandbox-flask/src/flask/app.py::Flask.__init_subclass__",
          "file_path": "C:/projects/graphifyrebuild/crg/sandbox-flask/src/flask/app.py",
          "line": 255,
          "confidence": 1.0,
          "confidence_tier": "EXTRACTED"
        },
        {
          "id": 568,
          "kind": "CONTAINS",
          "source": "C:/projects/graphifyrebuild/crg/sandbox-flask/src/flask/app.py::Flask",
          "target": "C:/projects/graphifyrebuild/crg/sandbox-flask/src/flask/app.py::Flask.__init__",
          "file_path": "C:/projects/graphifyrebuild/crg/sandbox-flask/src/flask/app.py",
          "line": 311,
          "confidence": 1.0,
          "confidence_tier": "EXTRACTED"
        },
        {
          "id": 577,
          "kind": "CONTAINS",
          "source": "C:/projects/graphifyrebuild/crg/sandbox-flask/src/flask/app.py::Flask",
          "target": "C:/projects/graphifyrebuild/crg/sandbox-flask/src/flask/app.py::Flask.get_send_file_max_age",
          "file_path": "C:/projects/graphifyrebuild/crg/sandbox-flask/src/flask/app.py",
          "line": 366,
          "confidence": 1.0,
          "confidence_tier": "EXTRACTED"
        },
        {
          "id": 582,
          "kind": "CONTAINS",
          "source": "C:/projects/graphifyrebuild/crg/sandbox-flask/src/flask/app.py::Flask",
          "target": "C:/projects/graphifyrebuild/crg/sandbox-flask/src/flask/app.py::Flask.send_static_file",
          "file_path": "C:/projects/graphifyrebuild/crg/sandbox-flask/src/flask/app.py",
          "line": 393,
          "confidence": 1.0,
          "confidence_tier": "EXTRACTED"
        },
        {
          "id": 587,
          "kind": "CONTAINS",
          "source": "C:/projects/graphifyrebuild/crg/sandbox-flask/src/flask/app.py::Flask",
          "target": "C:/projects/graphifyrebuild/crg/sandbox-flask/src/flask/app.py::Flask.open_resource",
          "file_path": "C:/projects/graphifyrebuild/crg/sandbox-flask/src/flask/app.py",
          "line": 415,
          "confidence": 1.0,
          "confidence_tier": "EXTRACTED"
        },
        {
          "id": 592,
          "kind": "CONTAINS",
          "source": "C:/projects/graphifyrebuild/crg/sandbox-flask/src/flask/app.py::Flask",
          "target": "C:/projects/graphifyrebuild/crg/sandbox-flask/src/flask/app.py::Flask.open_instance_resource",
          "file_path": "C:/projects/graphifyrebuild/crg/sandbox-flask/src/flask/app.py",
          "line": 448,
          "confidence": 1.0,
          "confidence_tier": "EXTRACTED"
        },
        {
          "id": 596,
          "kind": "CONTAINS",
          "source": "C:/projects/graphifyrebuild/crg/sandbox-flask/src/flask/app.py::Flask",
          "target": "C:/projects/graphifyrebuild/crg/sandbox-flask/src/flask/app.py::Flask.create_jinja_environment",
          "file_path": "C:/projects/graphifyrebuild/crg/sandbox-flask/src/flask/app.py",
          "line": 470,
          "confidence": 1.0,
          "confidence_tier": "EXTRACTED"
        },
        {
          "id": 600,
          "kind": "CONTAINS",
          "source": "C:/projects/graphifyrebuild/crg/sandbox-flask/src/flask/app.py::Flask",
          "target": "C:/projects/graphifyrebuild/crg/sandbox-flask/src/flask/app.py::Flask.create_url_adapter",
          "file_path": "C:/projects/graphifyrebuild/crg/sandbox-flask/src/flask/app.py",
          "line": 510,
          "confidence": 1.0,
          "confidence_tier": "EXTRACTED"
        },
        {
          "id": 604,
          "kind": "CONTAINS",
          "source": "C:/projects/graphifyrebuild/crg/sandbox-flask/src/flask/app.py::Flask",
          "target": "C:/projects/graphifyrebuild/crg/sandbox-flask/src/flask/app.py::Flask.raise_routing_exception",
          "file_path": "C:/projects/graphifyrebuild/crg/sandbox-flask/src/flask/app.py",
          "line": 563,
          "confidence": 1.0,
          "confidence_tier": "EXTRACTED"
        },
        {
          "id": 609,
          "kind": "CONTAINS",
          "source": "C:/projects/graphifyrebuild/crg/sandbox-flask/src/flask/app.py::Flask",
          "target": "C:/projects/graphifyrebuild/crg/sandbox-flask/src/flask/app.py::Flask.update_template_context",
          "file_path": "C:/projects/graphifyrebuild/crg/sandbox-flask/src/flask/app.py",
          "line": 591,
          "confidence": 1.0,
          "confidence_tier": "EXTRACTED"
        },
        {
          "id": 616,
          "kind": "CONTAINS",
          "source": "C:/projects/graphifyrebuild/crg/sandbox-flask/src/flask/app.py::Flask",
          "target": "C:/projects/graphifyrebuild/crg/sandbox-flask/src/flask/app.py::Flask.make_shell_context",
          "file_path": "C:/projects/graphifyrebuild/crg/sandbox-flask/src/flask/app.py",
          "line": 621,
          "confidence": 1.0,
          "confidence_tier": "EXTRACTED"
        },
        {
          "id": 619,
          "kind": "CONTAINS",
          "source": "C:/projects/graphifyrebuild/crg/sandbox-flask/src/flask/app.py::Flask",
          "target": "C:/projects/graphifyrebuild/crg/sandbox-flask/src/flask/app.py::Flask.run",
          "file_path": "C:/projects/graphifyrebuild/crg/sandbox-flask/src/flask/app.py",
          "line": 633,
          "confidence": 1.0,
          "confidence_tier": "EXTRACTED"
        },
        {
          "id": 636,
          "kind": "CONTAINS",
          "source": "C:/projects/graphifyrebuild/crg/sandbox-flask/src/flask/app.py::Flask",
          "target": "C:/projects/graphifyrebuild/crg/sandbox-flask/src/flask/app.py::Flask.test_client",
          "file_path": "C:/projects/graphifyrebuild/crg/sandbox-flask/src/flask/app.py",
          "line": 758,
          "confidence": 1.0,
          "confidence_tier": "EXTRACTED"
        },
        {
          "id": 638,
          "kind": "CONTAINS",
          "source": "C:/projects/graphifyrebuild/crg/sandbox-flask/src/flask/app.py::Flask",
          "target": "C:/projects/graphifyrebuild/crg/sandbox-flask/src/flask/app.py::Flask.test_cli_runner",
          "file_path": "C:/projects/graphifyrebuild/crg/sandbox-flask/src/flask/app.py",
          "line": 816,
          "confidence": 1.0,
          "confidence_tier": "EXTRACTED"
        },
        {
          "id": 640,
          "kind": "CONTAINS",
          "source": "C:/projects/graphifyrebuild/crg/sandbox-flask/src/flask/app.py::Flask",
          "target": "C:/projects/graphifyrebuild/crg/sandbox-flask/src/flask/app.py::Flask.handle_http_exception",
          "file_path": "C:/projects/graphifyrebuild/crg/sandbox-flask/src/flask/app.py",
          "line": 833,
          "confidence": 1.0,
          "confidence_tier": "EXTRACTED"
        },
        {
          "id": 645,
          "kind": "CONTAINS",
          "source": "C:/projects/graphifyrebuild/crg/sandbox-flask/src/flask/app.py::Flask",
          "target": "C:/projects/graphifyrebuild/crg/sandbox-flask/src/flask/app.py::Flask.handle_user_exception",
          "file_path": "C:/projects/graphifyrebuild/crg/sandbox-flask/src/flask/app.py",
          "line": 868,
          "confidence": 1.0,
          "confidence_tier": "EXTRACTED"
        },
        {
          "id": 654,
          "kind": "CONTAINS",
          "source": "C:/projects/graphifyrebuild/crg/sandbox-flask/src/flask/app.py::Flask",
          "target": "C:/projects/graphifyrebuild/crg/sandbox-flask/src/flask/app.py::Flask.handle_exception",
          "file_path": "C:/projects/graphifyrebuild/crg/sandbox-flask/src/flask/app.py",
          "line": 900,
          "confidence": 1.0,
          "confidence_tier": "EXTRACTED"
        },
        {
          "id": 662,
          "kind": "CONTAINS",
          "source": "C:/projects/graphifyrebuild/crg/sandbox-flask/src/flask/app.py::Flask",
          "target": "C:/projects/graphifyrebuild/crg/sandbox-flask/src/flask/app.py::Flask.log_exception",
          "file_path": "C:/projects/graphifyrebuild/crg/sandbox-flask/src/flask/app.py",
          "line": 953,
          "confidence": 1.0,
          "confidence_tier": "EXTRACTED"
        },
        {
          "id": 664,
          "kind": "CONTAINS",
          "source": "C:/projects/graphifyrebuild/crg/sandbox-flask/src/flask/app.py::Flask",
          "target": "C:/projects/graphifyrebuild/crg/sandbox-flask/src/flask/app.py::Flask.dispatch_request",
          "file_path": "C:/projects/graphifyrebuild/crg/sandbox-flask/src/flask/app.py",
          "line": 969,
          "confidence": 1.0,
          "confidence_tier": "EXTRACTED"
        },
        {
          "id": 669,
          "kind": "CONTAINS",
          "source": "C:/projects/graphifyrebuild/crg/sandbox-flask/src/flask/app.py::Flask",
          "target": "C:/projects/graphifyrebuild/crg/sandbox-flask/src/flask/app.py::Flask.full_dispatch_request",
          "file_path": "C:/projects/graphifyrebuild/crg/sandbox-flask/src/flask/app.py",
          "line": 995,
          "confidence": 1.0,
          "confidence_tier": "EXTRACTED"
        },
        {
          "id": 677,
          "kind": "CONTAINS",
          "source": "C:/projects/graphifyrebuild/crg/sandbox-flask/src/flask/app.py::Flask",
          "target": "C:/projects/graphifyrebuild/crg/sandbox-flask/src/flask/app.py::Flask.finalize_request",
          "file_path": "C:/projects/graphifyrebuild/crg/sandbox-flask/src/flask/app.py",
          "line": 1024,
          "confidence": 1.0,
          "confidence_tier": "EXTRACTED"
        },
        {
          "id": 682,
          "kind": "CONTAINS",
          "source": "C:/projects/graphifyrebuild/crg/sandbox-flask/src/flask/app.py::Flask",
          "target": "C:/projects/graphifyrebuild/crg/sandbox-flask/src/flask/app.py::Flask.make_default_options_response",
          "file_path": "C:/projects/graphifyrebuild/crg/sandbox-flask/src/flask/app.py",
          "line": 1056,
          "confidence": 1.0,
          "confidence_tier": "EXTRACTED"
        },
        {
          "id": 686,
          "kind": "CONTAINS",
          "source": "C:/projects/graphifyrebuild/crg/sandbox-flask/src/flask/app.py::Flask",
          "target": "C:/projects/graphifyrebuild/crg/sandbox-flask/src/flask/app.py::Flask.ensure_sync",
          "file_path": "C:/projects/graphifyrebuild/crg/sandbox-flask/src/flask/app.py",
          "line": 1068,
          "confidence": 1.0,
          "confidence_tier": "EXTRACTED"
        },
        {
          "id": 689,
          "kind": "CONTAINS",
          "source": "C:/projects/graphifyrebuild/crg/sandbox-flask/src/flask/app.py::Flask",
          "target": "C:/projects/graphifyrebuild/crg/sandbox-flask/src/flask/app.py::Flask.async_to_sync",
          "file_path": "C:/projects/graphifyrebuild/crg/sandbox-flask/src/flask/app.py",
          "line": 1082,
          "confidence": 1.0,
          "confidence_tier": "EXTRACTED"
        },
        {
          "id": 693,
          "kind": "CONTAINS",
          "source": "C:/projects/graphifyrebuild/crg/sandbox-flask/src/flask/app.py::Flask",
          "target": "C:/projects/graphifyrebuild/crg/sandbox-flask/src/flask/app.py::Flask.url_for",
          "file_path": "C:/projects/graphifyrebuild/crg/sandbox-flask/src/flask/app.py",
          "line": 1105,
          "confidence": 1.0,
          "confidence_tier": "EXTRACTED"
        },
        {
          "id": 703,
          "kind": "CONTAINS",
          "source": "C:/projects/graphifyrebuild/crg/sandbox-flask/src/flask/app.py::Flask",
          "target": "C:/projects/graphifyrebuild/crg/sandbox-flask/src/flask/app.py::Flask.make_response",
          "file_path": "C:/projects/graphifyrebuild/crg/sandbox-flask/src/flask/app.py",
          "line": 1227,
          "confidence": 1.0,
          "confidence_tier": "EXTRACTED"
        },
        {
          "id": 727,
          "kind": "CONTAINS",
          "source": "C:/projects/graphifyrebuild/crg/sandbox-flask/src/flask/app.py::Flask",
          "target": "C:/projects/graphifyrebuild/crg/sandbox-flask/src/flask/app.py::Flask.preprocess_request",
          "file_path": "C:/projects/graphifyrebuild/crg/sandbox-flask/src/flask/app.py",
          "line": 1369,
          "confidence": 1.0,
          "confidence_tier": "EXTRACTED"
        },
        {
          "id": 731,
          "kind": "CONTAINS",
          "source": "C:/projects/graphifyrebuild/crg/sandbox-flask/src/flask/app.py::Flask",
          "target": "C:/projects/graphifyrebuild/crg/sandbox-flask/src/flask/app.py::Flask.process_response",
          "file_path": "C:/projects/graphifyrebuild/crg/sandbox-flask/src/flask/app.py",
          "line": 1397,
          "confidence": 1.0,
          "confidence_tier": "EXTRACTED"
        },
        {
          "id": 740,
          "kind": "CONTAINS",
          "source": "C:/projects/graphifyrebuild/crg/sandbox-flask/src/flask/app.py::Flask",
          "target": "C:/projects/graphifyrebuild/crg/sandbox-flask/src/flask/app.py::Flask.do_teardown_request",
          "file_path": "C:/projects/graphifyrebuild/crg/sandbox-flask/src/flask/app.py",
          "line": 1423,
          "confidence": 1.0,
          "confidence_tier": "EXTRACTED"
        },
        {
          "id": 747,
          "kind": "CONTAINS",
          "source": "C:/projects/graphifyrebuild/crg/sandbox-flask/src/flask/app.py::Flask",
          "target": "C:/projects/graphifyrebuild/crg/sandbox-flask/src/flask/app.py::Flask.do_teardown_appcontext",
          "file_path": "C:/projects/graphifyrebuild/crg/sandbox-flask/src/flask/app.py",
          "line": 1456,
          "confidence": 1.0,
          "confidence_tier": "EXTRACTED"
        },
        {
          "id": 753,
          "kind": "CONTAINS",
          "source": "C:/projects/graphifyrebuild/crg/sandbox-flask/src/flask/app.py::Flask",
          "target": "C:/projects/graphifyrebuild/crg/sandbox-flask/src/flask/app.py::Flask.app_context",
          "file_path": "C:/projects/graphifyrebuild/crg/sandbox-flask/src/flask/app.py",
          "line": 1484,
          "confidence": 1.0,
          "confidence_tier": "EXTRACTED"
        },
        {
          "id": 755,
          "kind": "CONTAINS",
          "source": "C:/projects/graphifyrebuild/crg/sandbox-flask/src/flask/app.py::Flask",
          "target": "C:/projects/graphifyrebuild/crg/sandbox-flask/src/flask/app.py::Flask.request_context",
          "file_path": "C:/projects/graphifyrebuild/crg/sandbox-flask/src/flask/app.py",
          "line": 1504,
          "confidence": 1.0,
          "confidence_tier": "EXTRACTED"
        },
        {
          "id": 757,
          "kind": "CONTAINS",
          "source": "C:/projects/graphifyrebuild/crg/sandbox-flask/src/flask/app.py::Flask",
          "target": "C:/projects/graphifyrebuild/crg/sandbox-flask/src/flask/app.py::Flask.test_request_context",
          "file_path": "C:/projects/graphifyrebuild/crg/sandbox-flask/src/flask/app.py",
          "line": 1520,
          "confidence": 1.0,
          "confidence_tier": "EXTRACTED"
        },
        {
          "id": 763,
          "kind": "CONTAINS",
          "source": "C:/projects/graphifyrebuild/crg/sandbox-flask/src/flask/app.py::Flask",
          "target": "C:/projects/graphifyrebuild/crg/sandbox-flask/src/flask/app.py::Flask.wsgi_app",
          "file_path": "C:/projects/graphifyrebuild/crg/sandbox-flask/src/flask/app.py",
          "line": 1569,
          "confidence": 1.0,
          "confidence_tier": "EXTRACTED"
        },
        {
          "id": 772,
          "kind": "CONTAINS",
          "source": "C:/projects/graphifyrebuild/crg/sandbox-flask/src/flask/app.py::Flask",
          "target": "C:/projects/graphifyrebuild/crg/sandbox-flask/src/flask/app.py::Flask.__call__",
          "file_path": "C:/projects/graphifyrebuild/crg/sandbox-flask/src/flask/app.py",
          "line": 1621,
          "confidence": 1.0,
          "confidence_tier": "EXTRACTED"
        },
        {
          "id": 773,
          "kind": "CALLS",
          "source": "C:/projects/graphifyrebuild/crg/sandbox-flask/src/flask/app.py::Flask.__call__",
          "target": "C:/projects/graphifyrebuild/crg/sandbox-flask/src/flask/app.py::Flask.wsgi_app",
          "file_path": "C:/projects/graphifyrebuild/crg/sandbox-flask/src/flask/app.py",
          "line": 1628,
          "confidence": 1.0,
          "confidence_tier": "EXTRACTED"
        },
        {
          "id": 569,
          "kind": "CALLS",
          "source": "C:/projects/graphifyrebuild/crg/sandbox-flask/src/flask/app.py::Flask.__init__",
          "target": "C:/projects/graphifyrebuild/crg/sandbox-flask/src/flask/app.py::Flask.__init__",
          "file_path": "C:/projects/graphifyrebuild/crg/sandbox-flask/src/flask/app.py",
          "line": 324,
          "confidence": 1.0,
          "confidence_tier": "EXTRACTED"
        },
        {
          "id": 575,
          "kind": "CALLS",
          "source": "C:/projects/graphifyrebuild/crg/sandbox-flask/src/flask/app.py::Flask.__init__",
          "target": "C:/projects/graphifyrebuild/crg/sandbox-flask/src/flask/app.py::Flask.send_static_file",
          "file_path": "C:/projects/graphifyrebuild/crg/sandbox-flask/src/flask/app.py",
          "line": 363,
          "confidence": 1.0,
          "confidence_tier": "EXTRACTED"
        },
        {
          "id": 552,
          "kind": "REFERENCES",
          "source": "C:/projects/graphifyrebuild/crg/sandbox-flask/src/flask/app.py::Flask.__init_subclass__",
          "target": "C:/projects/graphifyrebuild/crg/sandbox-flask/src/flask/app.py::Flask",
          "file_path": "C:/projects/graphifyrebuild/crg/sandbox-flask/src/flask/app.py",
          "line": 275,
          "confidence": 1.0,
          "confidence_tier": "EXTRACTED"
        },
        {
          "id": 564,
          "kind": "CALLS",
          "source": "C:/projects/graphifyrebuild/crg/sandbox-flask/src/flask/app.py::Flask.__init_subclass__",
          "target": "C:/projects/graphifyrebuild/crg/sandbox-flask/src/flask/app.py::remove_ctx",
          "file_path": "C:/projects/graphifyrebuild/crg/sandbox-flask/src/flask/app.py",
          "line": 308,
          "confidence": 1.0,
          "confidence_tier": "EXTRACTED"
        },
        {
          "id": 566,
          "kind": "REFERENCES",
          "source": "C:/projects/graphifyrebuild/crg/sandbox-flask/src/flask/app.py::Flask.__init_subclass__",
          "target": "C:/projects/graphifyrebuild/crg/sandbox-flask/src/flask/app.py::Flask",
          "file_path": "C:/projects/graphifyrebuild/crg/sandbox-flask/src/flask/app.py",
          "line": 309,
          "confidence": 1.0,
          "confidence_tier": "EXTRACTED"
        },
        {
          "id": 567,
          "kind": "CALLS",
          "source": "C:/projects/graphifyrebuild/crg/sandbox-flask/src/flask/app.py::Flask.__init_subclass__",
          "target": "C:/projects/graphifyrebuild/crg/sandbox-flask/src/flask/app.py::add_ctx",
          "file_path": "C:/projects/graphifyrebuild/crg/sandbox-flask/src/flask/app.py",
          "line": 309,
          "confidence": 1.0,
          "confidence_tier": "EXTRACTED"
        },
        {
          "id": 665,
          "kind": "CALLS",
          "source": "C:/projects/graphifyrebuild/crg/sandbox-flask/src/flask/app.py::Flask.dispatch_request",
          "target": "C:/projects/graphifyrebuild/crg/sandbox-flask/src/flask/app.py::Flask.raise_routing_exception",
          "file_path": "C:/projects/graphifyrebuild/crg/sandbox-flask/src/flask/app.py",
          "line": 982,
          "confidence": 1.0,
          "confidence_tier": "EXTRACTED"
        },
        {
          "id": 667,
          "kind": "CALLS",
          "source": "C:/projects/graphifyrebuild/crg/sandbox-flask/src/flask/app.py::Flask.dispatch_request",
          "target": "C:/projects/graphifyrebuild/crg/sandbox-flask/src/flask/app.py::Flask.make_default_options_response",
          "file_path": "C:/projects/graphifyrebuild/crg/sandbox-flask/src/flask/app.py",
          "line": 990,
          "confidence": 1.0,
          "confidence_tier": "EXTRACTED"
        },
        {
          "id": 668,
          "kind": "CALLS",
          "source": "C:/projects/graphifyrebuild/crg/sandbox-flask/src/flask/app.py::Flask.dispatch_request",
          "target": "C:/projects/graphifyrebuild/crg/sandbox-flask/src/flask/app.py::Flask.ensure_sync",
          "file_path": "C:/projects/graphifyrebuild/crg/sandbox-flask/src/flask/app.py",
          "line": 993,
          "confidence": 1.0,
          "confidence_tier": "EXTRACTED"
        },
        {
          "id": 750,
          "kind": "CALLS",
          "source": "C:/projects/graphifyrebuild/crg/sandbox-flask/src/flask/app.py::Flask.do_teardown_appcontext",
          "target": "C:/projects/graphifyrebuild/crg/sandbox-flask/src/flask/app.py::Flask.ensure_sync",
          "file_path": "C:/projects/graphifyrebuild/crg/sandbox-flask/src/flask/app.py",
          "line": 1477,
          "confidence": 1.0,
          "confidence_tier": "EXTRACTED"
        },
        {
          "id": 744,
          "kind": "CALLS",
          "source": "C:/projects/graphifyrebuild/crg/sandbox-flask/src/flask/app.py::Flask.do_teardown_request",
          "target": "C:/projects/graphifyrebuild/crg/sandbox-flask/src/flask/app.py::Flask.ensure_sync",
          "file_path": "C:/projects/graphifyrebuild/crg/sandbox-flask/src/flask/app.py",
          "line": 1449,
          "confidence": 1.0,
          "confidence_tier": "EXTRACTED"
        },
        {
          "id": 688,
          "kind": "CALLS",
          "source": "C:/projects/graphifyrebuild/crg/sandbox-flask/src/flask/app.py::Flask.ensure_sync",
          "target": "C:/projects/graphifyrebuild/crg/sandbox-flask/src/flask/app.py::Flask.async_to_sync",
          "file_path": "C:/projects/graphifyrebuild/crg/sandbox-flask/src/flask/app.py",
          "line": 1078,
          "confidence": 1.0,
          "confidence_tier": "EXTRACTED"
        },
        {
          "id": 678,
          "kind": "CALLS",
          "source": "C:/projects/graphifyrebuild/crg/sandbox-flask/src/flask/app.py::Flask.finalize_request",
          "target": "C:/projects/graphifyrebuild/crg/sandbox-flask/src/flask/app.py::Flask.make_response",
          "file_path": "C:/projects/graphifyrebuild/crg/sandbox-flask/src/flask/app.py",
          "line": 1042,
          "confidence": 1.0,
          "confidence_tier": "EXTRACTED"
        },
        {
          "id": 679,
          "kind": "CALLS",
          "source": "C:/projects/graphifyrebuild/crg/sandbox-flask/src/flask/app.py::Flask.finalize_request",
          "target": "C:/projects/graphifyrebuild/crg/sandbox-flask/src/flask/app.py::Flask.process_response",
          "file_path": "C:/projects/graphifyrebuild/crg/sandbox-flask/src/flask/app.py",
          "line": 1044,
          "confidence": 1.0,
          "confidence_tier": "EXTRACTED"
        },
        {
          "id": 673,
          "kind": "CALLS",
          "source": "C:/projects/graphifyrebuild/crg/sandbox-flask/src/flask/app.py::Flask.full_dispatch_request",
          "target": "C:/projects/graphifyrebuild/crg/sandbox-flask/src/flask/app.py::Flask.preprocess_request",
          "file_path": "C:/projects/graphifyrebuild/crg/sandbox-flask/src/flask/app.py",
          "line": 1017,
          "confidence": 1.0,
          "confidence_tier": "EXTRACTED"
        },
        {
          "id": 674,
          "kind": "CALLS",
          "source": "C:/projects/graphifyrebuild/crg/sandbox-flask/src/flask/app.py::Flask.full_dispatch_request",
          "target": "C:/projects/graphifyrebuild/crg/sandbox-flask/src/flask/app.py::Flask.dispatch_request",
          "file_path": "C:/projects/graphifyrebuild/crg/sandbox-flask/src/flask/app.py",
          "line": 1019,
          "confidence": 1.0,
          "confidence_tier": "EXTRACTED"
        },
        {
          "id": 675,
          "kind": "CALLS",
          "source": "C:/projects/graphifyrebuild/crg/sandbox-flask/src/flask/app.py::Flask.full_dispatch_request",
          "target": "C:/projects/graphifyrebuild/crg/sandbox-flask/src/flask/app.py::Flask.handle_user_exception",
          "file_path": "C:/projects/graphifyrebuild/crg/sandbox-flask/src/flask/app.py",
          "line": 1021,
          "confidence": 1.0,
          "confidence_tier": "EXTRACTED"
        },
        {
          "id": 676,
          "kind": "CALLS",
          "source": "C:/projects/graphifyrebuild/crg/sandbox-flask/src/flask/app.py::Flask.full_dispatch_request",
          "target": "C:/projects/graphifyrebuild/crg/sandbox-flask/src/flask/app.py::Flask.finalize_request",
          "file_path": "C:/projects/graphifyrebuild/crg/sandbox-flask/src/flask/app.py",
          "line": 1022,
          "confidence": 1.0,
          "confidence_tier": "EXTRACTED"
        },
        {
          "id": 657,
          "kind": "CALLS",
          "source": "C:/projects/graphifyrebuild/crg/sandbox-flask/src/flask/app.py::Flask.handle_exception",
          "target": "C:/projects/graphifyrebuild/crg/sandbox-flask/src/flask/app.py::Flask.log_exception",
          "file_path": "C:/projects/graphifyrebuild/crg/sandbox-flask/src/flask/app.py",
          "line": 943,
          "confidence": 1.0,
          "confidence_tier": "EXTRACTED"
        },
        {
          "id": 660,
          "kind": "CALLS",
          "source": "C:/projects/graphifyrebuild/crg/sandbox-flask/src/flask/app.py::Flask.handle_exception",
          "target": "C:/projects/graphifyrebuild/crg/sandbox-flask/src/flask/app.py::Flask.ensure_sync",
          "file_path": "C:/projects/graphifyrebuild/crg/sandbox-flask/src/flask/app.py",
          "line": 949,
          "confidence": 1.0,
          "confidence_tier": "EXTRACTED"
        },
        {
          "id": 661,
          "kind": "CALLS",
          "source": "C:/projects/graphifyrebuild/crg/sandbox-flask/src/flask/app.py::Flask.handle_exception",
          "target": "C:/projects/graphifyrebuild/crg/sandbox-flask/src/flask/app.py::Flask.finalize_request",
          "file_path": "C:/projects/graphifyrebuild/crg/sandbox-flask/src/flask/app.py",
          "line": 951,
          "confidence": 1.0,
          "confidence_tier": "EXTRACTED"
        },
        {
          "id": 644,
          "kind": "CALLS",
          "source": "C:/projects/graphifyrebuild/crg/sandbox-flask/src/flask/app.py::Flask.handle_http_exception",
          "target": "C:/projects/graphifyrebuild/crg/sandbox-flask/src/flask/app.py::Flask.ensure_sync",
          "file_path": "C:/projects/graphifyrebuild/crg/sandbox-flask/src/flask/app.py",
          "line": 866,
          "confidence": 1.0,
          "confidence_tier": "EXTRACTED"
        },
        {
          "id": 651,
          "kind": "CALLS",
          "source": "C:/projects/graphifyrebuild/crg/sandbox-flask/src/flask/app.py::Flask.handle_user_exception",
          "target": "C:/projects/graphifyrebuild/crg/sandbox-flask/src/flask/app.py::Flask.handle_http_exception",
          "file_path": "C:/projects/graphifyrebuild/crg/sandbox-flask/src/flask/app.py",
          "line": 891,
          "confidence": 1.0,
          "confidence_tier": "EXTRACTED"
        },
        {
          "id": 653,
          "kind": "CALLS",
          "source": "C:/projects/graphifyrebuild/crg/sandbox-flask/src/flask/app.py::Flask.handle_user_exception",
          "target": "C:/projects/graphifyrebuild/crg/sandbox-flask/src/flask/app.py::Flask.ensure_sync",
          "file_path": "C:/projects/graphifyrebuild/crg/sandbox-flask/src/flask/app.py",
          "line": 898,
          "confidence": 1.0,
          "confidence_tier": "EXTRACTED"
        },
        {
          "id": 730,
          "kind": "CALLS",
          "source": "C:/projects/graphifyrebuild/crg/sandbox-flask/src/flask/app.py::Flask.preprocess_request",
          "target": "C:/projects/graphifyrebuild/crg/sandbox-flask/src/flask/app.py::Flask.ensure_sync",
          "file_path": "C:/projects/graphifyrebuild/crg/sandbox-flask/src/flask/app.py",
          "line": 1390,
          "confidence": 1.0,
          "confidence_tier": "EXTRACTED"
        },
        {
          "id": 732,
          "kind": "CALLS",
          "source": "C:/projects/graphifyrebuild/crg/sandbox-flask/src/flask/app.py::Flask.process_response",
          "target": "C:/projects/graphifyrebuild/crg/sandbox-flask/src/flask/app.py::Flask.ensure_sync",
          "file_path": "C:/projects/graphifyrebuild/crg/sandbox-flask/src/flask/app.py",
          "line": 1411,
          "confidence": 1.0,
          "confidence_tier": "EXTRACTED"
        },
        {
          "id": 735,
          "kind": "CALLS",
          "source": "C:/projects/graphifyrebuild/crg/sandbox-flask/src/flask/app.py::Flask.process_response",
          "target": "C:/projects/graphifyrebuild/crg/sandbox-flask/src/flask/app.py::Flask.ensure_sync",
          "file_path": "C:/projects/graphifyrebuild/crg/sandbox-flask/src/flask/app.py",
          "line": 1416,
          "confidence": 1.0,
          "confidence_tier": "EXTRACTED"
        },
        {
          "id": 779,
          "kind": "TESTED_BY",
          "source": "C:/projects/graphifyrebuild/crg/sandbox-flask/src/flask/app.py::Flask.request_context",
          "target": "C:/projects/graphifyrebuild/crg/sandbox-flask/src/flask/app.py::Flask.test_request_context",
          "file_path": "C:/projects/graphifyrebuild/crg/sandbox-flask/src/flask/app.py",
          "line": 1567,
          "confidence": 1.0,
          "confidence_tier": "EXTRACTED"
        },
        {
          "id": 584,
          "kind": "CALLS",
          "source": "C:/projects/graphifyrebuild/crg/sandbox-flask/src/flask/app.py::Flask.send_static_file",
          "target": "C:/projects/graphifyrebuild/crg/sandbox-flask/src/flask/app.py::Flask.get_send_file_max_age",
          "file_path": "C:/projects/graphifyrebuild/crg/sandbox-flask/src/flask/app.py",
          "line": 410,
          "confidence": 1.0,
          "confidence_tier": "EXTRACTED"
        },
        {
          "id": 762,
          "kind": "CALLS",
          "source": "C:/projects/graphifyrebuild/crg/sandbox-flask/src/flask/app.py::Flask.test_request_context",
          "target": "C:/projects/graphifyrebuild/crg/sandbox-flask/src/flask/app.py::Flask.request_context",
          "file_path": "C:/projects/graphifyrebuild/crg/sandbox-flask/src/flask/app.py",
          "line": 1567,
          "confidence": 1.0,
          "confidence_tier": "EXTRACTED"
        },
        {
          "id": 614,
          "kind": "CALLS",
          "source": "C:/projects/graphifyrebuild/crg/sandbox-flask/src/flask/app.py::Flask.update_template_context",
          "target": "C:/projects/graphifyrebuild/crg/sandbox-flask/src/flask/app.py::Flask.ensure_sync",
          "file_path": "C:/projects/graphifyrebuild/crg/sandbox-flask/src/flask/app.py",
          "line": 617,
          "confidence": 1.0,
          "confidence_tier": "EXTRACTED"
        },
        {
          "id": 695,
          "kind": "CALLS",
          "source": "C:/projects/graphifyrebuild/crg/sandbox-flask/src/flask/app.py::Flask.url_for",
          "target": "C:/projects/graphifyrebuild/crg/sandbox-flask/src/flask/app.py::Flask.create_url_adapter",
          "file_path": "C:/projects/graphifyrebuild/crg/sandbox-flask/src/flask/app.py",
          "line": 1185,
          "confidence": 1.0,
          "confidence_tier": "EXTRACTED"
        },
        {
          "id": 764,
          "kind": "CALLS",
          "source": "C:/projects/graphifyrebuild/crg/sandbox-flask/src/flask/app.py::Flask.wsgi_app",
          "target": "C:/projects/graphifyrebuild/crg/sandbox-flask/src/flask/app.py::Flask.request_context",
          "file_path": "C:/projects/graphifyrebuild/crg/sandbox-flask/src/flask/app.py",
          "line": 1595,
          "confidence": 1.0,
          "confidence_tier": "EXTRACTED"
        },
        {
          "id": 766,
          "kind": "CALLS",
          "source": "C:/projects/graphifyrebuild/crg/sandbox-flask/src/flask/app.py::Flask.wsgi_app",
          "target": "C:/projects/graphifyrebuild/crg/sandbox-flask/src/flask/app.py::Flask.full_dispatch_request",
          "file_path": "C:/projects/graphifyrebuild/crg/sandbox-flask/src/flask/app.py",
          "line": 1600,
          "confidence": 1.0,
          "confidence_tier": "EXTRACTED"
        },
        {
          "id": 767,
          "kind": "CALLS",
          "source": "C:/projects/graphifyrebuild/crg/sandbox-flask/src/flask/app.py::Flask.wsgi_app",
          "target": "C:/projects/graphifyrebuild/crg/sandbox-flask/src/flask/app.py::Flask.handle_exception",
          "file_path": "C:/projects/graphifyrebuild/crg/sandbox-flask/src/flask/app.py",
          "line": 1603,
          "confidence": 1.0,
          "confidence_tier": "EXTRACTED"
        },
        {
          "id": 1146,
          "kind": "IMPORTS_FROM",
          "source": "C:/projects/graphifyrebuild/crg/sandbox-flask/src/flask/config.py",
          "target": "C:/projects/graphifyrebuild/crg/sandbox-flask/src/flask/app.py",
          "file_path": "C:/projects/graphifyrebuild/crg/sandbox-flask/src/flask/config.py",
          "line": 14,
          "confidence": 1.0,
          "confidence_tier": "EXTRACTED"
        },
        {
          "id": 1305,
          "kind": "IMPORTS_FROM",
          "source": "C:/projects/graphifyrebuild/crg/sandbox-flask/src/flask/debughelpers.py",
          "target": "C:/projects/graphifyrebuild/crg/sandbox-flask/src/flask/app.py",
          "file_path": "C:/projects/graphifyrebuild/crg/sandbox-flask/src/flask/debughelpers.py",
          "line": 10,
          "confidence": 1.0,
          "confidence_tier": "EXTRACTED"
        },
        {
          "id": 1523,
          "kind": "IMPORTS_FROM",
          "source": "C:/projects/graphifyrebuild/crg/sandbox-flask/src/flask/json/provider.py",
          "target": "C:/projects/graphifyrebuild/crg/sandbox-flask/src/flask/app.py",
          "file_path": "C:/projects/graphifyrebuild/crg/sandbox-flask/src/flask/json/provider.py",
          "line": 16,
          "confidence": 1.0,
          "confidence_tier": "EXTRACTED"
        },
        {
          "id": 1704,
          "kind": "IMPORTS_FROM",
          "source": "C:/projects/graphifyrebuild/crg/sandbox-flask/src/flask/logging.py",
          "target": "C:/projects/graphifyrebuild/crg/sandbox-flask/src/flask/logging.py",
          "file_path": "C:/projects/graphifyrebuild/crg/sandbox-flask/src/flask/logging.py",
          "line": 3,
          "confidence": 1.0,
          "confidence_tier": "EXTRACTED"
        },
        {
          "id": 1708,
          "kind": "IMPORTS_FROM",
          "source": "C:/projects/graphifyrebuild/crg/sandbox-flask/src/flask/logging.py",
          "target": "C:/projects/graphifyrebuild/crg/sandbox-flask/src/flask/app.py",
          "file_path": "C:/projects/graphifyrebuild/crg/sandbox-flask/src/flask/logging.py",
          "line": 12,
          "confidence": 1.0,
          "confidence_tier": "EXTRACTED"
        },
        {
          "id": 1722,
          "kind": "IMPORTS_FROM",
          "source": "C:/projects/graphifyrebuild/crg/sandbox-flask/src/flask/sansio/app.py",
          "target": "C:/projects/graphifyrebuild/crg/sandbox-flask/src/flask/logging.py",
          "file_path": "C:/projects/graphifyrebuild/crg/sandbox-flask/src/flask/sansio/app.py",
          "line": 3,
          "confidence": 1.0,
          "confidence_tier": "EXTRACTED"
        },
        {
          "id": 1736,
          "kind": "IMPORTS_FROM",
          "source": "C:/projects/graphifyrebuild/crg/sandbox-flask/src/flask/sansio/app.py",
          "target": "C:/projects/graphifyrebuild/crg/sandbox-flask/src/flask/config.py",
          "file_path": "C:/projects/graphifyrebuild/crg/sandbox-flask/src/flask/sansio/app.py",
          "line": 21,
          "confidence": 1.0,
          "confidence_tier": "EXTRACTED"
        },
        {
          "id": 2282,
          "kind": "IMPORTS_FROM",
          "source": "C:/projects/graphifyrebuild/crg/sandbox-flask/src/flask/templating.py",
          "target": "C:/projects/graphifyrebuild/crg/sandbox-flask/src/flask/app.py",
          "file_path": "C:/projects/graphifyrebuild/crg/sandbox-flask/src/flask/templating.py",
          "line": 17,
          "confidence": 1.0,
          "confidence_tier": "EXTRACTED"
        },
        {
          "id": 2320,
          "kind": "CONTAINS",
          "source": "C:/projects/graphifyrebuild/crg/sandbox-flask/src/flask/templating.py",
          "target": "C:/projects/graphifyrebuild/crg/sandbox-flask/src/flask/templating.py::_render",
          "file_path": "C:/projects/graphifyrebuild/crg/sandbox-flask/src/flask/templating.py",
          "line": 123,
          "confidence": 1.0,
          "confidence_tier": "EXTRACTED"
        },
        {
          "id": 2325,
          "kind": "CONTAINS",
          "source": "C:/projects/graphifyrebuild/crg/sandbox-flask/src/flask/templating.py",
          "target": "C:/projects/graphifyrebuild/crg/sandbox-flask/src/flask/templating.py::render_template",
          "file_path": "C:/projects/graphifyrebuild/crg/sandbox-flask/src/flask/templating.py",
          "line": 136,
          "confidence": 1.0,
          "confidence_tier": "EXTRACTED"
        },
        {
          "id": 2329,
          "kind": "CONTAINS",
          "source": "C:/projects/graphifyrebuild/crg/sandbox-flask/src/flask/templating.py",
          "target": "C:/projects/graphifyrebuild/crg/sandbox-flask/src/flask/templating.py::render_template_string",
          "file_path": "C:/projects/graphifyrebuild/crg/sandbox-flask/src/flask/templating.py",
          "line": 151,
          "confidence": 1.0,
          "confidence_tier": "EXTRACTED"
        },
        {
          "id": 2333,
          "kind": "CONTAINS",
          "source": "C:/projects/graphifyrebuild/crg/sandbox-flask/src/flask/templating.py",
          "target": "C:/projects/graphifyrebuild/crg/sandbox-flask/src/flask/templating.py::_stream",
          "file_path": "C:/projects/graphifyrebuild/crg/sandbox-flask/src/flask/templating.py",
          "line": 163,
          "confidence": 1.0,
          "confidence_tier": "EXTRACTED"
        },
        {
          "id": 2341,
          "kind": "CONTAINS",
          "source": "C:/projects/graphifyrebuild/crg/sandbox-flask/src/flask/templating.py",
          "target": "C:/projects/graphifyrebuild/crg/sandbox-flask/src/flask/templating.py::stream_template",
          "file_path": "C:/projects/graphifyrebuild/crg/sandbox-flask/src/flask/templating.py",
          "line": 181,
          "confidence": 1.0,
          "confidence_tier": "EXTRACTED"
        },
        {
          "id": 2345,
          "kind": "CONTAINS",
          "source": "C:/projects/graphifyrebuild/crg/sandbox-flask/src/flask/templating.py",
          "target": "C:/projects/graphifyrebuild/crg/sandbox-flask/src/flask/templating.py::stream_template_string",
          "file_path": "C:/projects/graphifyrebuild/crg/sandbox-flask/src/flask/templating.py",
          "line": 200,
          "confidence": 1.0,
          "confidence_tier": "EXTRACTED"
        },
        {
          "id": 2321,
          "kind": "CALLS",
          "source": "C:/projects/graphifyrebuild/crg/sandbox-flask/src/flask/templating.py::_render",
          "target": "C:/projects/graphifyrebuild/crg/sandbox-flask/src/flask/app.py::Flask.update_template_context",
          "file_path": "C:/projects/graphifyrebuild/crg/sandbox-flask/src/flask/templating.py",
          "line": 125,
          "confidence": 1.0,
          "confidence_tier": "EXTRACTED"
        },
        {
          "id": 2334,
          "kind": "CALLS",
          "source": "C:/projects/graphifyrebuild/crg/sandbox-flask/src/flask/templating.py::_stream",
          "target": "C:/projects/graphifyrebuild/crg/sandbox-flask/src/flask/app.py::Flask.update_template_context",
          "file_path": "C:/projects/graphifyrebuild/crg/sandbox-flask/src/flask/templating.py",
          "line": 167,
          "confidence": 1.0,
          "confidence_tier": "EXTRACTED"
        },
        {
          "id": 2328,
          "kind": "CALLS",
          "source": "C:/projects/graphifyrebuild/crg/sandbox-flask/src/flask/templating.py::render_template",
          "target": "C:/projects/graphifyrebuild/crg/sandbox-flask/src/flask/templating.py::_render",
          "file_path": "C:/projects/graphifyrebuild/crg/sandbox-flask/src/flask/templating.py",
          "line": 148,
          "confidence": 1.0,
          "confidence_tier": "EXTRACTED"
        },
        {
          "id": 2332,
          "kind": "CALLS",
          "source": "C:/projects/graphifyrebuild/crg/sandbox-flask/src/flask/templating.py::render_template_string",
          "target": "C:/projects/graphifyrebuild/crg/sandbox-flask/src/flask/templating.py::_render",
          "file_path": "C:/projects/graphifyrebuild/crg/sandbox-flask/src/flask/templating.py",
          "line": 160,
          "confidence": 1.0,
          "confidence_tier": "EXTRACTED"
        },
        {
          "id": 2344,
          "kind": "CALLS",
          "source": "C:/projects/graphifyrebuild/crg/sandbox-flask/src/flask/templating.py::stream_template",
          "target": "C:/projects/graphifyrebuild/crg/sandbox-flask/src/flask/templating.py::_stream",
          "file_path": "C:/projects/graphifyrebuild/crg/sandbox-flask/src/flask/templating.py",
          "line": 197,
          "confidence": 1.0,
          "confidence_tier": "EXTRACTED"
        },
        {
          "id": 2348,
          "kind": "CALLS",
          "source": "C:/projects/graphifyrebuild/crg/sandbox-flask/src/flask/templating.py::stream_template_string",
          "target": "C:/projects/graphifyrebuild/crg/sandbox-flask/src/flask/templating.py::_stream",
          "file_path": "C:/projects/graphifyrebuild/crg/sandbox-flask/src/flask/templating.py",
          "line": 212,
          "confidence": 1.0,
          "confidence_tier": "EXTRACTED"
        },
        {
          "id": 3406,
          "kind": "IMPORTS_FROM",
          "source": "C:/projects/graphifyrebuild/crg/sandbox-flask/tests/test_basic.py",
          "target": "C:/projects/graphifyrebuild/crg/sandbox-flask/src/flask/debughelpers.py",
          "file_path": "C:/projects/graphifyrebuild/crg/sandbox-flask/tests/test_basic.py",
          "line": 1130,
          "confidence": 1.0,
          "confidence_tier": "EXTRACTED"
        },
        {
          "id": 6365,
          "kind": "IMPORTS_FROM",
          "source": "C:/projects/graphifyrebuild/crg/sandbox-flask/tests/test_json.py",
          "target": "C:/projects/graphifyrebuild/crg/sandbox-flask/src/flask/json/provider.py",
          "file_path": "C:/projects/graphifyrebuild/crg/sandbox-flask/tests/test_json.py",
          "line": 11,
          "confidence": 1.0,
          "confidence_tier": "EXTRACTED"
        }
      ],
      "edges_total": 106
    },
    "truncated": true,
    "source_snippets": {
      "src/flask/app.py": "1: from __future__ import annotations\n2: \n3: import collections.abc as cabc\n4: import inspect\n5: import os\n6: import sys\n7: import typing as t\n8: import weakref\n9: from datetime import timedelta\n10: from functools import update_wrapper\n11: from inspect import iscoroutinefunction\n12: from itertools import chain\n13: from types import TracebackType\n14: from urllib.parse import quote as _url_quote\n15: from urllib.parse import urlsplit\n16: \n17: import click\n18: from werkzeug.datastructures import Headers\n19: from werkzeug.datastructures import ImmutableDict\n20: from werkzeug.exceptions import BadRequestKeyError\n21: from werkzeug.exceptions import HTTPException\n22: from werkzeug.exceptions import InternalServerError\n23: from werkzeug.routing import BuildError\n24: from werkzeug.routing import MapAdapter\n25: from werkzeug.routing import RequestRedirect\n26: from werkzeug.routing import RoutingException\n27: from werkzeug.routing import Rule\n28: from werkzeug.serving import is_running_from_reloader\n29: from werkzeug.wrappers import Response as BaseResponse\n30: from werkzeug.wsgi import get_host\n31: \n32: from . import cli\n33: from . import typing as ft\n34: from .ctx import AppContext\n35: from .globals import _cv_app\n36: from .globals import app_ctx\n37: from .globals import g\n38: from .globals import request\n39: from .globals import session\n40: from .helpers import _CollectErrors\n41: from .helpers import get_debug_flag\n42: from .helpers import get_flashed_messages\n43: from .helpers import get_load_dotenv\n44: from .helpers import send_from_directory\n45: from .sansio.app import App\n46: from .sessions import SecureCookieSessionInterface\n47: from .sessions import SessionInterface\n48: from .signals import appcontext_tearing_down\n49: from .signals import got_request_exception\n50: from .signals import request_finished"
    },
    "review_guidance": "- 35 changed function(s) lack test coverage: __call__, __init__, __init_subclass__, app_context, async_to_sync\n- Changes impact 11 other files. Consider splitting into smaller PRs."
  },
  "context_savings": {
    "estimated": true,
    "saved_tokens": 2410,
    "saved_percent": 14
  },
  "_graph": {
    "updated_at": "2026-09-01T11:03:11",
    "age_seconds": 154,
    "built_at_sha": "d318b683471101618febed18996405ad26462110",
    "built_on_branch": "main",
    "head_sha": "d318b683471101618febed18996405ad26462110",
    "head_matches_build": true
  }
}

===== triage summary =====
taint reachability: not implemented, structural blast-radius only
  get_impact_radius_tool: 0.21s
  query_graph_tool: 0.15s
  get_knowledge_gaps_tool: 0.30s
  get_review_context_tool: 0.20s
total round-trip (server spawn + 4 tool calls): 5.6s
